[0.000000] (-) TimerEvent: {}
[0.000980] (sllidar_ros2) JobQueued: {'identifier': 'sllidar_ros2', 'dependencies': OrderedDict()}
[0.001297] (sllidar_ros2) JobStarted: {'identifier': 'sllidar_ros2'}
[0.020431] (sllidar_ros2) JobProgress: {'identifier': 'sllidar_ros2', 'progress': 'cmake'}
[0.021897] (sllidar_ros2) Command: {'cmd': ['/usr/bin/cmake', '/home/robotics/project_deskdash/lidar_ws/src/sllidar_ros2', '-DAMENT_CMAKE_SYMLINK_INSTALL=1', '-DCMAKE_INSTALL_PREFIX=/home/robotics/project_deskdash/lidar_ws/install/sllidar_ros2'], 'cwd': '/home/robotics/project_deskdash/lidar_ws/build/sllidar_ros2', 'env': OrderedDict([('LESSOPEN', '| /usr/bin/lesspipe %s'), ('USER', 'robotics'), ('XDG_SESSION_TYPE', 'x11'), ('SHLVL', '1'), ('LD_LIBRARY_PATH', '/home/robotics/project_deskdash/microros_ws/install/micro_ros_agent/lib:/home/robotics/project_deskdash/microros_ws/install/micro_ros_msgs/lib:/opt/ros/humble/opt/rviz_ogre_vendor/lib:/opt/ros/humble/lib/aarch64-linux-gnu:/opt/ros/humble/lib:/usr/local/cuda-12.6/lib64:'), ('HOME', '/home/robotics'), ('OLDPWD', '/home/robotics/project_deskdash/lidar_ws/src'), ('DESKTOP_SESSION', 'ubuntu'), ('JETSON_L4T', '36.4.3'), ('ROS_PYTHON_VERSION', '3'), ('GNOME_SHELL_SESSION_MODE', 'ubuntu'), ('GTK_MODULES', 'gail:atk-bridge'), ('JETSON_MODEL', 'NVIDIA Jetson Orin Nano Engineering Reference Developer Kit Super'), ('SYSTEMD_EXEC_PID', '3589'), ('DBUS_SESSION_BUS_ADDRESS', 'unix:path=/run/user/1000/bus'), ('COLORTERM', 'truecolor'), ('IM_CONFIG_PHASE', '1'), ('COLCON_PREFIX_PATH', '/home/robotics/ws_lidar/install:/home/robotics/project_deskdash/microros_ws/install:/home/robotics/project_deskdash/lidar_ws/install'), ('ROS_DISTRO', 'humble'), ('GTK_IM_MODULE', 'ibus'), ('LOGNAME', 'robotics'), ('JETSON_MODULE', 'NVIDIA Jetson Orin Nano (Developer kit)'), ('JETSON_SERIAL_NUMBER', '1425123205771'), ('_', '/usr/bin/colcon'), ('ROS_VERSION', '2'), ('XDG_SESSION_CLASS', 'user'), ('USERNAME', 'robotics'), ('TERM', 'xterm-256color'), ('GNOME_DESKTOP_SESSION_ID', 'this-is-deprecated'), ('ROS_LOCALHOST_ONLY', '0'), ('WINDOWPATH', '2'), ('PATH', '/opt/ros/humble/bin:/usr/local/cuda-12.6/bin:/usr/local/sbin:/usr/local/bin:/usr/sbin:/usr/bin:/sbin:/bin:/usr/games:/usr/local/games:/snap/bin:/snap/bin'), ('SESSION_MANAGER', 'local/ubuntu:@/tmp/.ICE-unix/3562,unix/ubuntu:/tmp/.ICE-unix/3562'), ('XDG_MENU_PREFIX', 'gnome-'), ('GNOME_TERMINAL_SCREEN', '/org/gnome/Terminal/screen/5c5c247f_4731_4d5b_9845_40a5cd7495e7'), ('XDG_RUNTIME_DIR', '/run/user/1000'), ('DISPLAY', ':1'), ('LANG', 'en_US.UTF-8'), ('XDG_CURRENT_DESKTOP', 'ubuntu:GNOME'), ('XMODIFIERS', '@im=ibus'), ('XDG_SESSION_DESKTOP', 'ubuntu'), ('XAUTHORITY', '/run/user/1000/gdm/Xauthority'), ('LS_COLORS', 'rs=0:di=01;34:ln=01;36:mh=00:pi=40;33:so=01;35:do=01;35:bd=40;33;01:cd=40;33;01:or=40;31;01:mi=00:su=37;41:sg=30;43:ca=30;41:tw=30;42:ow=34;42:st=37;44:ex=01;32:*.tar=01;31:*.tgz=01;31:*.arc=01;31:*.arj=01;31:*.taz=01;31:*.lha=01;31:*.lz4=01;31:*.lzh=01;31:*.lzma=01;31:*.tlz=01;31:*.txz=01;31:*.tzo=01;31:*.t7z=01;31:*.zip=01;31:*.z=01;31:*.dz=01;31:*.gz=01;31:*.lrz=01;31:*.lz=01;31:*.lzo=01;31:*.xz=01;31:*.zst=01;31:*.tzst=01;31:*.bz2=01;31:*.bz=01;31:*.tbz=01;31:*.tbz2=01;31:*.tz=01;31:*.deb=01;31:*.rpm=01;31:*.jar=01;31:*.war=01;31:*.ear=01;31:*.sar=01;31:*.rar=01;31:*.alz=01;31:*.ace=01;31:*.zoo=01;31:*.cpio=01;31:*.7z=01;31:*.rz=01;31:*.cab=01;31:*.wim=01;31:*.swm=01;31:*.dwm=01;31:*.esd=01;31:*.jpg=01;35:*.jpeg=01;35:*.mjpg=01;35:*.mjpeg=01;35:*.gif=01;35:*.bmp=01;35:*.pbm=01;35:*.pgm=01;35:*.ppm=01;35:*.tga=01;35:*.xbm=01;35:*.xpm=01;35:*.tif=01;35:*.tiff=01;35:*.png=01;35:*.svg=01;35:*.svgz=01;35:*.mng=01;35:*.pcx=01;35:*.mov=01;35:*.mpg=01;35:*.mpeg=01;35:*.m2v=01;35:*.mkv=01;35:*.webm=01;35:*.webp=01;35:*.ogm=01;35:*.mp4=01;35:*.m4v=01;35:*.mp4v=01;35:*.vob=01;35:*.qt=01;35:*.nuv=01;35:*.wmv=01;35:*.asf=01;35:*.rm=01;35:*.rmvb=01;35:*.flc=01;35:*.avi=01;35:*.fli=01;35:*.flv=01;35:*.gl=01;35:*.dl=01;35:*.xcf=01;35:*.xwd=01;35:*.yuv=01;35:*.cgm=01;35:*.emf=01;35:*.ogv=01;35:*.ogx=01;35:*.aac=00;36:*.au=00;36:*.flac=00;36:*.m4a=00;36:*.mid=00;36:*.midi=00;36:*.mka=00;36:*.mp3=00;36:*.mpc=00;36:*.ogg=00;36:*.ra=00;36:*.wav=00;36:*.oga=00;36:*.opus=00;36:*.spx=00;36:*.xspf=00;36:'), ('JETSON_SOC', 'tegra234'), ('GNOME_TERMINAL_SERVICE', ':1.90'), ('SSH_AGENT_LAUNCHER', 'gnome-keyring'), ('SSH_AUTH_SOCK', '/run/user/1000/keyring/ssh'), ('AMENT_PREFIX_PATH', '/home/robotics/ws_lidar/install/sllidar_ros2:/home/robotics/project_deskdash/lidar_ws/install/sllidar_ros2:/home/robotics/project_deskdash/microros_ws/install/micro_ros_agent:/home/robotics/project_deskdash/microros_ws/install/micro_ros_msgs:/home/robotics/project_deskdash/microros_ws/install/micro_ros_setup:/opt/ros/humble'), ('SHELL', '/bin/bash'), ('QT_ACCESSIBILITY', '1'), ('GDMSESSION', 'ubuntu'), ('LESSCLOSE', '/usr/bin/lesspipe %s %s'), ('GPG_AGENT_INFO', '/run/user/1000/gnupg/S.gpg-agent:0:1'), ('QT_IM_MODULE', 'ibus'), ('JETSON_CUDA_ARCH_BIN', '8.7'), ('PWD', '/home/robotics/project_deskdash/lidar_ws/build/sllidar_ros2'), ('XDG_CONFIG_DIRS', '/etc/xdg/xdg-ubuntu:/etc/xdg'), ('XDG_DATA_DIRS', '/usr/share/ubuntu:/usr/share/gnome:/usr/local/share/:/usr/share/:/var/lib/snapd/desktop'), ('PYTHONPATH', '/home/robotics/project_deskdash/microros_ws/install/micro_ros_msgs/local/lib/python3.10/dist-packages:/opt/ros/humble/lib/python3.10/site-packages:/opt/ros/humble/local/lib/python3.10/dist-packages'), ('COLCON', '1'), ('VTE_VERSION', '6800'), ('JETSON_JETPACK', '6.2'), ('CMAKE_PREFIX_PATH', '/home/robotics/ws_lidar/install/sllidar_ros2:/home/robotics/project_deskdash/lidar_ws/install/sllidar_ros2:/home/robotics/project_deskdash/microros_ws/install/micro_ros_agent:/home/robotics/project_deskdash/microros_ws/install/micro_ros_msgs:/home/robotics/project_deskdash/microros_ws/install/micro_ros_setup:/opt/ros/humble'), ('JETSON_P_NUMBER', 'p3767-0005')]), 'shell': False}
[0.099141] (-) TimerEvent: {}
[0.144342] (sllidar_ros2) StdoutLine: {'line': b'-- The C compiler identification is GNU 11.4.0\n'}
[0.199322] (-) TimerEvent: {}
[0.276164] (sllidar_ros2) StdoutLine: {'line': b'-- The CXX compiler identification is GNU 11.4.0\n'}
[0.291606] (sllidar_ros2) StdoutLine: {'line': b'-- Detecting C compiler ABI info\n'}
[0.299443] (-) TimerEvent: {}
[0.400112] (-) TimerEvent: {}
[0.440807] (sllidar_ros2) StdoutLine: {'line': b'-- Detecting C compiler ABI info - done\n'}
[0.465715] (sllidar_ros2) StdoutLine: {'line': b'-- Check for working C compiler: /usr/bin/cc - skipped\n'}
[0.466568] (sllidar_ros2) StdoutLine: {'line': b'-- Detecting C compile features\n'}
[0.467884] (sllidar_ros2) StdoutLine: {'line': b'-- Detecting C compile features - done\n'}
[0.478743] (sllidar_ros2) StdoutLine: {'line': b'-- Detecting CXX compiler ABI info\n'}
[0.500232] (-) TimerEvent: {}
[0.600851] (-) TimerEvent: {}
[0.654635] (sllidar_ros2) StdoutLine: {'line': b'-- Detecting CXX compiler ABI info - done\n'}
[0.673125] (sllidar_ros2) StdoutLine: {'line': b'-- Check for working CXX compiler: /usr/bin/c++ - skipped\n'}
[0.674758] (sllidar_ros2) StdoutLine: {'line': b'-- Detecting CXX compile features\n'}
[0.675691] (sllidar_ros2) StdoutLine: {'line': b'-- Detecting CXX compile features - done\n'}
[0.684342] (sllidar_ros2) StdoutLine: {'line': b'-- Found ament_cmake: 1.3.11 (/opt/ros/humble/share/ament_cmake/cmake)\n'}
[0.701035] (-) TimerEvent: {}
[0.802008] (-) TimerEvent: {}
[0.903121] (-) TimerEvent: {}
[1.004738] (-) TimerEvent: {}
[1.056560] (sllidar_ros2) StdoutLine: {'line': b'-- Found Python3: /usr/bin/python3 (found version "3.10.12") found components: Interpreter \n'}
[1.104895] (-) TimerEvent: {}
[1.203205] (sllidar_ros2) StdoutLine: {'line': b'-- Override CMake install command with custom implementation using symlinks instead of copying resources\n'}
[1.205032] (-) TimerEvent: {}
[1.284480] (sllidar_ros2) StdoutLine: {'line': b'-- Found rclcpp: 16.0.12 (/opt/ros/humble/share/rclcpp/cmake)\n'}
[1.305181] (-) TimerEvent: {}
[1.378147] (sllidar_ros2) StdoutLine: {'line': b'-- Found rosidl_generator_c: 3.1.6 (/opt/ros/humble/share/rosidl_generator_c/cmake)\n'}
[1.388312] (sllidar_ros2) StdoutLine: {'line': b'-- Found rosidl_adapter: 3.1.6 (/opt/ros/humble/share/rosidl_adapter/cmake)\n'}
[1.405266] (sllidar_ros2) StdoutLine: {'line': b'-- Found rosidl_generator_cpp: 3.1.6 (/opt/ros/humble/share/rosidl_generator_cpp/cmake)\n'}
[1.405606] (-) TimerEvent: {}
[1.429216] (sllidar_ros2) StdoutLine: {'line': b'-- Using all available rosidl_typesupport_c: rosidl_typesupport_fastrtps_c;rosidl_typesupport_introspection_c\n'}
[1.464988] (sllidar_ros2) StdoutLine: {'line': b'-- Using all available rosidl_typesupport_cpp: rosidl_typesupport_fastrtps_cpp;rosidl_typesupport_introspection_cpp\n'}
[1.505824] (-) TimerEvent: {}
[1.553687] (sllidar_ros2) StdoutLine: {'line': b'-- Found rmw_implementation_cmake: 6.1.2 (/opt/ros/humble/share/rmw_implementation_cmake/cmake)\n'}
[1.558745] (sllidar_ros2) StdoutLine: {'line': b'-- Found rmw_fastrtps_cpp: 6.2.7 (/opt/ros/humble/share/rmw_fastrtps_cpp/cmake)\n'}
[1.605983] (-) TimerEvent: {}
[1.706654] (-) TimerEvent: {}
[1.713158] (sllidar_ros2) StdoutLine: {'line': b'-- Found OpenSSL: /usr/lib/aarch64-linux-gnu/libcrypto.so (found version "3.0.2")  \n'}
[1.768073] (sllidar_ros2) StdoutLine: {'line': b'-- Found FastRTPS: /opt/ros/humble/include  \n'}
[1.806798] (-) TimerEvent: {}
[1.841652] (sllidar_ros2) StdoutLine: {'line': b"-- Using RMW implementation 'rmw_fastrtps_cpp' as default\n"}
[1.857189] (sllidar_ros2) StdoutLine: {'line': b'-- Looking for pthread.h\n'}
[1.906978] (-) TimerEvent: {}
[2.000968] (sllidar_ros2) StdoutLine: {'line': b'-- Looking for pthread.h - found\n'}
[2.002420] (sllidar_ros2) StdoutLine: {'line': b'-- Performing Test CMAKE_HAVE_LIBC_PTHREAD\n'}
[2.007036] (-) TimerEvent: {}
[2.107526] (-) TimerEvent: {}
[2.159953] (sllidar_ros2) StdoutLine: {'line': b'-- Performing Test CMAKE_HAVE_LIBC_PTHREAD - Success\n'}
[2.163716] (sllidar_ros2) StdoutLine: {'line': b'-- Found Threads: TRUE  \n'}
[2.207663] (-) TimerEvent: {}
[2.276587] (sllidar_ros2) StdoutLine: {'line': b'-- Found sensor_msgs: 4.8.0 (/opt/ros/humble/share/sensor_msgs/cmake)\n'}
[2.307854] (-) TimerEvent: {}
[2.334746] (sllidar_ros2) StdoutLine: {'line': b'-- Found std_srvs: 4.8.0 (/opt/ros/humble/share/std_srvs/cmake)\n'}
[2.407978] (-) TimerEvent: {}
[2.508344] (sllidar_ros2) StdoutLine: {'line': b'-- Configuring done\n'}
[2.508790] (-) TimerEvent: {}
[2.538709] (sllidar_ros2) StdoutLine: {'line': b'-- Generating done\n'}
[2.549226] (sllidar_ros2) StdoutLine: {'line': b'-- Build files have been written to: /home/robotics/project_deskdash/lidar_ws/build/sllidar_ros2\n'}
[2.574687] (sllidar_ros2) CommandEnded: {'returncode': 0}
[2.576670] (sllidar_ros2) JobProgress: {'identifier': 'sllidar_ros2', 'progress': 'build'}
[2.578890] (sllidar_ros2) Command: {'cmd': ['/usr/bin/cmake', '--build', '/home/robotics/project_deskdash/lidar_ws/build/sllidar_ros2', '--', '-j6', '-l6'], 'cwd': '/home/robotics/project_deskdash/lidar_ws/build/sllidar_ros2', 'env': OrderedDict([('LESSOPEN', '| /usr/bin/lesspipe %s'), ('USER', 'robotics'), ('XDG_SESSION_TYPE', 'x11'), ('SHLVL', '1'), ('LD_LIBRARY_PATH', '/home/robotics/project_deskdash/microros_ws/install/micro_ros_agent/lib:/home/robotics/project_deskdash/microros_ws/install/micro_ros_msgs/lib:/opt/ros/humble/opt/rviz_ogre_vendor/lib:/opt/ros/humble/lib/aarch64-linux-gnu:/opt/ros/humble/lib:/usr/local/cuda-12.6/lib64:'), ('HOME', '/home/robotics'), ('OLDPWD', '/home/robotics/project_deskdash/lidar_ws/src'), ('DESKTOP_SESSION', 'ubuntu'), ('JETSON_L4T', '36.4.3'), ('ROS_PYTHON_VERSION', '3'), ('GNOME_SHELL_SESSION_MODE', 'ubuntu'), ('GTK_MODULES', 'gail:atk-bridge'), ('JETSON_MODEL', 'NVIDIA Jetson Orin Nano Engineering Reference Developer Kit Super'), ('SYSTEMD_EXEC_PID', '3589'), ('DBUS_SESSION_BUS_ADDRESS', 'unix:path=/run/user/1000/bus'), ('COLORTERM', 'truecolor'), ('IM_CONFIG_PHASE', '1'), ('COLCON_PREFIX_PATH', '/home/robotics/ws_lidar/install:/home/robotics/project_deskdash/microros_ws/install:/home/robotics/project_deskdash/lidar_ws/install'), ('ROS_DISTRO', 'humble'), ('GTK_IM_MODULE', 'ibus'), ('LOGNAME', 'robotics'), ('JETSON_MODULE', 'NVIDIA Jetson Orin Nano (Developer kit)'), ('JETSON_SERIAL_NUMBER', '1425123205771'), ('_', '/usr/bin/colcon'), ('ROS_VERSION', '2'), ('XDG_SESSION_CLASS', 'user'), ('USERNAME', 'robotics'), ('TERM', 'xterm-256color'), ('GNOME_DESKTOP_SESSION_ID', 'this-is-deprecated'), ('ROS_LOCALHOST_ONLY', '0'), ('WINDOWPATH', '2'), ('PATH', '/opt/ros/humble/bin:/usr/local/cuda-12.6/bin:/usr/local/sbin:/usr/local/bin:/usr/sbin:/usr/bin:/sbin:/bin:/usr/games:/usr/local/games:/snap/bin:/snap/bin'), ('SESSION_MANAGER', 'local/ubuntu:@/tmp/.ICE-unix/3562,unix/ubuntu:/tmp/.ICE-unix/3562'), ('XDG_MENU_PREFIX', 'gnome-'), ('GNOME_TERMINAL_SCREEN', '/org/gnome/Terminal/screen/5c5c247f_4731_4d5b_9845_40a5cd7495e7'), ('XDG_RUNTIME_DIR', '/run/user/1000'), ('DISPLAY', ':1'), ('LANG', 'en_US.UTF-8'), ('XDG_CURRENT_DESKTOP', 'ubuntu:GNOME'), ('XMODIFIERS', '@im=ibus'), ('XDG_SESSION_DESKTOP', 'ubuntu'), ('XAUTHORITY', '/run/user/1000/gdm/Xauthority'), ('LS_COLORS', 'rs=0:di=01;34:ln=01;36:mh=00:pi=40;33:so=01;35:do=01;35:bd=40;33;01:cd=40;33;01:or=40;31;01:mi=00:su=37;41:sg=30;43:ca=30;41:tw=30;42:ow=34;42:st=37;44:ex=01;32:*.tar=01;31:*.tgz=01;31:*.arc=01;31:*.arj=01;31:*.taz=01;31:*.lha=01;31:*.lz4=01;31:*.lzh=01;31:*.lzma=01;31:*.tlz=01;31:*.txz=01;31:*.tzo=01;31:*.t7z=01;31:*.zip=01;31:*.z=01;31:*.dz=01;31:*.gz=01;31:*.lrz=01;31:*.lz=01;31:*.lzo=01;31:*.xz=01;31:*.zst=01;31:*.tzst=01;31:*.bz2=01;31:*.bz=01;31:*.tbz=01;31:*.tbz2=01;31:*.tz=01;31:*.deb=01;31:*.rpm=01;31:*.jar=01;31:*.war=01;31:*.ear=01;31:*.sar=01;31:*.rar=01;31:*.alz=01;31:*.ace=01;31:*.zoo=01;31:*.cpio=01;31:*.7z=01;31:*.rz=01;31:*.cab=01;31:*.wim=01;31:*.swm=01;31:*.dwm=01;31:*.esd=01;31:*.jpg=01;35:*.jpeg=01;35:*.mjpg=01;35:*.mjpeg=01;35:*.gif=01;35:*.bmp=01;35:*.pbm=01;35:*.pgm=01;35:*.ppm=01;35:*.tga=01;35:*.xbm=01;35:*.xpm=01;35:*.tif=01;35:*.tiff=01;35:*.png=01;35:*.svg=01;35:*.svgz=01;35:*.mng=01;35:*.pcx=01;35:*.mov=01;35:*.mpg=01;35:*.mpeg=01;35:*.m2v=01;35:*.mkv=01;35:*.webm=01;35:*.webp=01;35:*.ogm=01;35:*.mp4=01;35:*.m4v=01;35:*.mp4v=01;35:*.vob=01;35:*.qt=01;35:*.nuv=01;35:*.wmv=01;35:*.asf=01;35:*.rm=01;35:*.rmvb=01;35:*.flc=01;35:*.avi=01;35:*.fli=01;35:*.flv=01;35:*.gl=01;35:*.dl=01;35:*.xcf=01;35:*.xwd=01;35:*.yuv=01;35:*.cgm=01;35:*.emf=01;35:*.ogv=01;35:*.ogx=01;35:*.aac=00;36:*.au=00;36:*.flac=00;36:*.m4a=00;36:*.mid=00;36:*.midi=00;36:*.mka=00;36:*.mp3=00;36:*.mpc=00;36:*.ogg=00;36:*.ra=00;36:*.wav=00;36:*.oga=00;36:*.opus=00;36:*.spx=00;36:*.xspf=00;36:'), ('JETSON_SOC', 'tegra234'), ('GNOME_TERMINAL_SERVICE', ':1.90'), ('SSH_AGENT_LAUNCHER', 'gnome-keyring'), ('SSH_AUTH_SOCK', '/run/user/1000/keyring/ssh'), ('AMENT_PREFIX_PATH', '/home/robotics/ws_lidar/install/sllidar_ros2:/home/robotics/project_deskdash/lidar_ws/install/sllidar_ros2:/home/robotics/project_deskdash/microros_ws/install/micro_ros_agent:/home/robotics/project_deskdash/microros_ws/install/micro_ros_msgs:/home/robotics/project_deskdash/microros_ws/install/micro_ros_setup:/opt/ros/humble'), ('SHELL', '/bin/bash'), ('QT_ACCESSIBILITY', '1'), ('GDMSESSION', 'ubuntu'), ('LESSCLOSE', '/usr/bin/lesspipe %s %s'), ('GPG_AGENT_INFO', '/run/user/1000/gnupg/S.gpg-agent:0:1'), ('QT_IM_MODULE', 'ibus'), ('JETSON_CUDA_ARCH_BIN', '8.7'), ('PWD', '/home/robotics/project_deskdash/lidar_ws/build/sllidar_ros2'), ('XDG_CONFIG_DIRS', '/etc/xdg/xdg-ubuntu:/etc/xdg'), ('XDG_DATA_DIRS', '/usr/share/ubuntu:/usr/share/gnome:/usr/local/share/:/usr/share/:/var/lib/snapd/desktop'), ('PYTHONPATH', '/home/robotics/project_deskdash/microros_ws/install/micro_ros_msgs/local/lib/python3.10/dist-packages:/opt/ros/humble/lib/python3.10/site-packages:/opt/ros/humble/local/lib/python3.10/dist-packages'), ('COLCON', '1'), ('VTE_VERSION', '6800'), ('JETSON_JETPACK', '6.2'), ('CMAKE_PREFIX_PATH', '/home/robotics/ws_lidar/install/sllidar_ros2:/home/robotics/project_deskdash/lidar_ws/install/sllidar_ros2:/home/robotics/project_deskdash/microros_ws/install/micro_ros_agent:/home/robotics/project_deskdash/microros_ws/install/micro_ros_msgs:/home/robotics/project_deskdash/microros_ws/install/micro_ros_setup:/opt/ros/humble'), ('JETSON_P_NUMBER', 'p3767-0005')]), 'shell': False}
[2.608919] (-) TimerEvent: {}
[2.687270] (sllidar_ros2) StdoutLine: {'line': b'[ 10%] \x1b[32mBuilding CXX object CMakeFiles/sllidar_node.dir/src/sllidar_node.cpp.o\x1b[0m\n'}
[2.687773] (sllidar_ros2) StdoutLine: {'line': b'[ 15%] \x1b[32mBuilding CXX object CMakeFiles/sllidar_node.dir/sdk/src/arch/linux/net_serial.cpp.o\x1b[0m\n'}
[2.688037] (sllidar_ros2) StdoutLine: {'line': b'[ 20%] \x1b[32mBuilding CXX object CMakeFiles/sllidar_node.dir/sdk/src/arch/linux/net_socket.cpp.o\x1b[0m\n'}
[2.688285] (sllidar_ros2) StdoutLine: {'line': b'[ 10%] \x1b[32mBuilding CXX object CMakeFiles/sllidar_client.dir/src/sllidar_client.cpp.o\x1b[0m\n'}
[2.688575] (sllidar_ros2) StdoutLine: {'line': b'[ 25%] \x1b[32mBuilding CXX object CMakeFiles/sllidar_node.dir/sdk/src/arch/linux/timer.cpp.o\x1b[0m\n'}
[2.698078] (sllidar_ros2) StdoutLine: {'line': b'[ 30%] \x1b[32mBuilding CXX object CMakeFiles/sllidar_node.dir/sdk/src/dataunpacker/dataunpacker.cpp.o\x1b[0m\n'}
[2.709137] (-) TimerEvent: {}
[2.810077] (-) TimerEvent: {}
[2.911021] (-) TimerEvent: {}
[3.011996] (-) TimerEvent: {}
[3.112998] (-) TimerEvent: {}
[3.214025] (-) TimerEvent: {}
[3.315079] (-) TimerEvent: {}
[3.416148] (-) TimerEvent: {}
[3.502666] (sllidar_ros2) StderrLine: {'line': b'In file included from \x1b[01m\x1b[K/home/robotics/project_deskdash/lidar_ws/src/sllidar_ros2/./sdk/include/rplidar_protocol.h:36\x1b[m\x1b[K,\n'}
[3.503300] (sllidar_ros2) StderrLine: {'line': b'                 from \x1b[01m\x1b[K/home/robotics/project_deskdash/lidar_ws/src/sllidar_ros2/./sdk/include/rplidar.h:39\x1b[m\x1b[K,\n'}
[3.503480] (sllidar_ros2) StderrLine: {'line': b'                 from \x1b[01m\x1b[K/home/robotics/project_deskdash/lidar_ws/src/sllidar_ros2/./sdk/src/sdkcommon.h:49\x1b[m\x1b[K,\n'}
[3.503901] (sllidar_ros2) StderrLine: {'line': b'                 from \x1b[01m\x1b[K/home/robotics/project_deskdash/lidar_ws/src/sllidar_ros2/sdk/src/arch/linux/net_socket.cpp:10\x1b[m\x1b[K:\n'}
[3.504057] (sllidar_ros2) StderrLine: {'line': b'\x1b[01m\x1b[K/home/robotics/project_deskdash/lidar_ws/src/sllidar_ros2/./sdk/include/sl_lidar_protocol.h:66:16:\x1b[m\x1b[K \x1b[01;35m\x1b[Kwarning: \x1b[m\x1b[KISO C++ forbids zero-size array \xe2\x80\x98\x1b[01m\x1b[Kdata\x1b[m\x1b[K\xe2\x80\x99 [\x1b[01;35m\x1b[K\x1b]8;;https://gcc.gnu.org/onlinedocs/gcc/Warning-Options.html#index-Wpedantic\x07-Wpedantic\x1b]8;;\x07\x1b[m\x1b[K]\n'}
[3.504202] (sllidar_ros2) StderrLine: {'line': b'   66 |     sl_u8 data[\x1b[01;35m\x1b[K0\x1b[m\x1b[K];\n'}
[3.504329] (sllidar_ros2) StderrLine: {'line': b'      |                \x1b[01;35m\x1b[K^\x1b[m\x1b[K\n'}
[3.504445] (sllidar_ros2) StderrLine: {'line': b'In file included from \x1b[01m\x1b[K/home/robotics/project_deskdash/lidar_ws/src/sllidar_ros2/./sdk/include/rplidar_cmd.h:36\x1b[m\x1b[K,\n'}
[3.504560] (sllidar_ros2) StderrLine: {'line': b'                 from \x1b[01m\x1b[K/home/robotics/project_deskdash/lidar_ws/src/sllidar_ros2/./sdk/include/rplidar.h:40\x1b[m\x1b[K,\n'}
[3.504668] (sllidar_ros2) StderrLine: {'line': b'                 from \x1b[01m\x1b[K/home/robotics/project_deskdash/lidar_ws/src/sllidar_ros2/./sdk/src/sdkcommon.h:49\x1b[m\x1b[K,\n'}
[3.504780] (sllidar_ros2) StderrLine: {'line': b'                 from \x1b[01m\x1b[K/home/robotics/project_deskdash/lidar_ws/src/sllidar_ros2/sdk/src/arch/linux/net_socket.cpp:10\x1b[m\x1b[K:\n'}
[3.505157] (sllidar_ros2) StderrLine: {'line': b'\x1b[01m\x1b[K/home/robotics/project_deskdash/lidar_ws/src/sllidar_ros2/./sdk/include/sl_lidar_cmd.h:324:20:\x1b[m\x1b[K \x1b[01;35m\x1b[Kwarning: \x1b[m\x1b[KISO C++ forbids zero-size array \xe2\x80\x98\x1b[01m\x1b[Kpayload\x1b[m\x1b[K\xe2\x80\x99 [\x1b[01;35m\x1b[K\x1b]8;;https://gcc.gnu.org/onlinedocs/gcc/Warning-Options.html#index-Wpedantic\x07-Wpedantic\x1b]8;;\x07\x1b[m\x1b[K]\n'}
[3.505289] (sllidar_ros2) StderrLine: {'line': b'  324 |     sl_u8  payload[\x1b[01;35m\x1b[K0\x1b[m\x1b[K];\n'}
[3.505463] (sllidar_ros2) StderrLine: {'line': b'      |                    \x1b[01;35m\x1b[K^\x1b[m\x1b[K\n'}
[3.516368] (-) TimerEvent: {}
[3.617512] (-) TimerEvent: {}
[3.627630] (sllidar_ros2) StderrLine: {'line': b'In file included from \x1b[01m\x1b[K/home/robotics/project_deskdash/lidar_ws/src/sllidar_ros2/./sdk/src/arch/linux/arch_linux.h:42\x1b[m\x1b[K,\n'}
[3.628172] (sllidar_ros2) StderrLine: {'line': b'                 from \x1b[01m\x1b[K/home/robotics/project_deskdash/lidar_ws/src/sllidar_ros2/./sdk/src/sdkcommon.h:41\x1b[m\x1b[K,\n'}
[3.628339] (sllidar_ros2) StderrLine: {'line': b'                 from \x1b[01m\x1b[K/home/robotics/project_deskdash/lidar_ws/src/sllidar_ros2/sdk/src/arch/linux/net_socket.cpp:10\x1b[m\x1b[K:\n'}
[3.628479] (sllidar_ros2) StderrLine: {'line': b'\x1b[01m\x1b[K/home/robotics/project_deskdash/lidar_ws/src/sllidar_ros2/sdk/src/arch/linux/net_socket.cpp:\x1b[m\x1b[K In member function \xe2\x80\x98\x1b[01m\x1b[Kvirtual u_result rp::arch::net::DGramSocketImpl::sendTo(const rp::net::SocketAddress*, const void*, size_t)\x1b[m\x1b[K\xe2\x80\x99:\n'}
[3.628612] (sllidar_ros2) StderrLine: {'line': b'\x1b[01m\x1b[K/home/robotics/project_deskdash/lidar_ws/src/sllidar_ros2/sdk/src/arch/linux/net_socket.cpp:733:24:\x1b[m\x1b[K \x1b[01;35m\x1b[Kwarning: \x1b[m\x1b[Kcomparison of integer expressions of different signedness: \xe2\x80\x98\x1b[01m\x1b[Kint\x1b[m\x1b[K\xe2\x80\x99 and \xe2\x80\x98\x1b[01m\x1b[Ksize_t\x1b[m\x1b[K\xe2\x80\x99 {aka \xe2\x80\x98\x1b[01m\x1b[Klong unsigned int\x1b[m\x1b[K\xe2\x80\x99} [\x1b[01;35m\x1b[K\x1b]8;;https://gcc.gnu.org/onlinedocs/gcc/Warning-Options.html#index-Wsign-compare\x07-Wsign-compare\x1b]8;;\x07\x1b[m\x1b[K]\n'}
[3.628748] (sllidar_ros2) StderrLine: {'line': b'  733 |             assert(\x1b[01;35m\x1b[Kans == len\x1b[m\x1b[K);\n'}
[3.628866] (sllidar_ros2) StderrLine: {'line': b'      |                    \x1b[01;35m\x1b[K~~~~^~~~~~\x1b[m\x1b[K\n'}
[3.642996] (sllidar_ros2) StderrLine: {'line': b'In file included from \x1b[01m\x1b[K/home/robotics/project_deskdash/lidar_ws/src/sllidar_ros2/./sdk/include/rplidar_protocol.h:36\x1b[m\x1b[K,\n'}
[3.643482] (sllidar_ros2) StderrLine: {'line': b'                 from \x1b[01m\x1b[K/home/robotics/project_deskdash/lidar_ws/src/sllidar_ros2/./sdk/include/rplidar.h:39\x1b[m\x1b[K,\n'}
[3.643648] (sllidar_ros2) StderrLine: {'line': b'                 from \x1b[01m\x1b[K/home/robotics/project_deskdash/lidar_ws/src/sllidar_ros2/./sdk/src/sdkcommon.h:49\x1b[m\x1b[K,\n'}
[3.643784] (sllidar_ros2) StderrLine: {'line': b'                 from \x1b[01m\x1b[K/home/robotics/project_deskdash/lidar_ws/src/sllidar_ros2/sdk/src/dataunpacker/dataunnpacker_commondef.h:41\x1b[m\x1b[K,\n'}
[3.643912] (sllidar_ros2) StderrLine: {'line': b'                 from \x1b[01m\x1b[K/home/robotics/project_deskdash/lidar_ws/src/sllidar_ros2/sdk/src/dataunpacker/dataunpacker.cpp:39\x1b[m\x1b[K:\n'}
[3.644031] (sllidar_ros2) StderrLine: {'line': b'\x1b[01m\x1b[K/home/robotics/project_deskdash/lidar_ws/src/sllidar_ros2/./sdk/include/sl_lidar_protocol.h:66:16:\x1b[m\x1b[K \x1b[01;35m\x1b[Kwarning: \x1b[m\x1b[KISO C++ forbids zero-size array \xe2\x80\x98\x1b[01m\x1b[Kdata\x1b[m\x1b[K\xe2\x80\x99 [\x1b[01;35m\x1b[K\x1b]8;;https://gcc.gnu.org/onlinedocs/gcc/Warning-Options.html#index-Wpedantic\x07-Wpedantic\x1b]8;;\x07\x1b[m\x1b[K]\n'}
[3.644162] (sllidar_ros2) StderrLine: {'line': b'   66 |     sl_u8 data[\x1b[01;35m\x1b[K0\x1b[m\x1b[K];\n'}
[3.644312] (sllidar_ros2) StderrLine: {'line': b'      |                \x1b[01;35m\x1b[K^\x1b[m\x1b[K\n'}
[3.645730] (sllidar_ros2) StderrLine: {'line': b'In file included from \x1b[01m\x1b[K/home/robotics/project_deskdash/lidar_ws/src/sllidar_ros2/./sdk/include/rplidar_cmd.h:36\x1b[m\x1b[K,\n'}
[3.646103] (sllidar_ros2) StderrLine: {'line': b'                 from \x1b[01m\x1b[K/home/robotics/project_deskdash/lidar_ws/src/sllidar_ros2/./sdk/include/rplidar.h:40\x1b[m\x1b[K,\n'}
[3.646255] (sllidar_ros2) StderrLine: {'line': b'                 from \x1b[01m\x1b[K/home/robotics/project_deskdash/lidar_ws/src/sllidar_ros2/./sdk/src/sdkcommon.h:49\x1b[m\x1b[K,\n'}
[3.646382] (sllidar_ros2) StderrLine: {'line': b'                 from \x1b[01m\x1b[K/home/robotics/project_deskdash/lidar_ws/src/sllidar_ros2/sdk/src/dataunpacker/dataunnpacker_commondef.h:41\x1b[m\x1b[K,\n'}
[3.646525] (sllidar_ros2) StderrLine: {'line': b'                 from \x1b[01m\x1b[K/home/robotics/project_deskdash/lidar_ws/src/sllidar_ros2/sdk/src/dataunpacker/dataunpacker.cpp:39\x1b[m\x1b[K:\n'}
[3.646644] (sllidar_ros2) StderrLine: {'line': b'\x1b[01m\x1b[K/home/robotics/project_deskdash/lidar_ws/src/sllidar_ros2/./sdk/include/sl_lidar_cmd.h:324:20:\x1b[m\x1b[K \x1b[01;35m\x1b[Kwarning: \x1b[m\x1b[KISO C++ forbids zero-size array \xe2\x80\x98\x1b[01m\x1b[Kpayload\x1b[m\x1b[K\xe2\x80\x99 [\x1b[01;35m\x1b[K\x1b]8;;https://gcc.gnu.org/onlinedocs/gcc/Warning-Options.html#index-Wpedantic\x07-Wpedantic\x1b]8;;\x07\x1b[m\x1b[K]\n'}
[3.646774] (sllidar_ros2) StderrLine: {'line': b'  324 |     sl_u8  payload[\x1b[01;35m\x1b[K0\x1b[m\x1b[K];\n'}
[3.646916] (sllidar_ros2) StderrLine: {'line': b'      |                    \x1b[01;35m\x1b[K^\x1b[m\x1b[K\n'}
[3.665744] (sllidar_ros2) StdoutLine: {'line': b'[ 35%] \x1b[32mBuilding CXX object CMakeFiles/sllidar_node.dir/sdk/src/dataunpacker/unpacker/handler_capsules.cpp.o\x1b[0m\n'}
[3.717719] (-) TimerEvent: {}
[3.818523] (-) TimerEvent: {}
[3.919350] (-) TimerEvent: {}
[3.924978] (sllidar_ros2) StderrLine: {'line': b'\x1b[01m\x1b[K/home/robotics/project_deskdash/lidar_ws/src/sllidar_ros2/sdk/src/arch/linux/net_serial.cpp:\x1b[m\x1b[K In member function \xe2\x80\x98\x1b[01m\x1b[Kbool rp::arch::net::raw_serial::open(const char*, uint32_t, uint32_t)\x1b[m\x1b[K\xe2\x80\x99:\n'}
[3.925611] (sllidar_ros2) StderrLine: {'line': b'\x1b[01m\x1b[K/home/robotics/project_deskdash/lidar_ws/src/sllidar_ros2/sdk/src/arch/linux/net_serial.cpp:97:74:\x1b[m\x1b[K \x1b[01;35m\x1b[Kwarning: \x1b[m\x1b[Kunused parameter \xe2\x80\x98\x1b[01m\x1b[Kflags\x1b[m\x1b[K\xe2\x80\x99 [\x1b[01;35m\x1b[K\x1b]8;;https://gcc.gnu.org/onlinedocs/gcc/Warning-Options.html#index-Wunused-parameter\x07-Wunused-parameter\x1b]8;;\x07\x1b[m\x1b[K]\n'}
[3.925850] (sllidar_ros2) StderrLine: {'line': b'   97 | bool raw_serial::open(const char * portname, uint32_t baudrate, \x1b[01;35m\x1b[Kuint32_t flags\x1b[m\x1b[K)\n'}
[3.926342] (sllidar_ros2) StderrLine: {'line': b'      |                                                                 \x1b[01;35m\x1b[K~~~~~~~~~^~~~~\x1b[m\x1b[K\n'}
[3.926641] (sllidar_ros2) StderrLine: {'line': b'\x1b[01m\x1b[K/home/robotics/project_deskdash/lidar_ws/src/sllidar_ros2/sdk/src/arch/linux/net_serial.cpp:\x1b[m\x1b[K In member function \xe2\x80\x98\x1b[01m\x1b[Kvirtual void rp::arch::net::raw_serial::flush(_u32)\x1b[m\x1b[K\xe2\x80\x99:\n'}
[3.926792] (sllidar_ros2) StderrLine: {'line': b'\x1b[01m\x1b[K/home/robotics/project_deskdash/lidar_ws/src/sllidar_ros2/sdk/src/arch/linux/net_serial.cpp:281:30:\x1b[m\x1b[K \x1b[01;35m\x1b[Kwarning: \x1b[m\x1b[Kunused parameter \xe2\x80\x98\x1b[01m\x1b[Kflags\x1b[m\x1b[K\xe2\x80\x99 [\x1b[01;35m\x1b[K\x1b]8;;https://gcc.gnu.org/onlinedocs/gcc/Warning-Options.html#index-Wunused-parameter\x07-Wunused-parameter\x1b]8;;\x07\x1b[m\x1b[K]\n'}
[3.926929] (sllidar_ros2) StderrLine: {'line': b'  281 | void raw_serial::flush( \x1b[01;35m\x1b[K_u32 flags\x1b[m\x1b[K)\n'}
[3.927052] (sllidar_ros2) StderrLine: {'line': b'      |                         \x1b[01;35m\x1b[K~~~~~^~~~~\x1b[m\x1b[K\n'}
[3.927169] (sllidar_ros2) StderrLine: {'line': b'\x1b[01m\x1b[K/home/robotics/project_deskdash/lidar_ws/src/sllidar_ros2/sdk/src/arch/linux/net_serial.cpp:\x1b[m\x1b[K In member function \xe2\x80\x98\x1b[01m\x1b[Kvirtual int rp::arch::net::raw_serial::waitforsent(_u32, size_t*)\x1b[m\x1b[K\xe2\x80\x99:\n'}
[3.927287] (sllidar_ros2) StderrLine: {'line': b'\x1b[01m\x1b[K/home/robotics/project_deskdash/lidar_ws/src/sllidar_ros2/sdk/src/arch/linux/net_serial.cpp:286:34:\x1b[m\x1b[K \x1b[01;35m\x1b[Kwarning: \x1b[m\x1b[Kunused parameter \xe2\x80\x98\x1b[01m\x1b[Ktimeout\x1b[m\x1b[K\xe2\x80\x99 [\x1b[01;35m\x1b[K\x1b]8;;https://gcc.gnu.org/onlinedocs/gcc/Warning-Options.html#index-Wunused-parameter\x07-Wunused-parameter\x1b]8;;\x07\x1b[m\x1b[K]\n'}
[3.927407] (sllidar_ros2) StderrLine: {'line': b'  286 | int raw_serial::waitforsent(\x1b[01;35m\x1b[K_u32 timeout\x1b[m\x1b[K, size_t * returned_size)\n'}
[3.927555] (sllidar_ros2) StderrLine: {'line': b'      |                             \x1b[01;35m\x1b[K~~~~~^~~~~~~\x1b[m\x1b[K\n'}
[3.927671] (sllidar_ros2) StderrLine: {'line': b'\x1b[01m\x1b[K/home/robotics/project_deskdash/lidar_ws/src/sllidar_ros2/sdk/src/arch/linux/net_serial.cpp:\x1b[m\x1b[K In member function \xe2\x80\x98\x1b[01m\x1b[Kvirtual int rp::arch::net::raw_serial::waitforrecv(_u32, size_t*)\x1b[m\x1b[K\xe2\x80\x99:\n'}
[3.927786] (sllidar_ros2) StderrLine: {'line': b'\x1b[01m\x1b[K/home/robotics/project_deskdash/lidar_ws/src/sllidar_ros2/sdk/src/arch/linux/net_serial.cpp:292:34:\x1b[m\x1b[K \x1b[01;35m\x1b[Kwarning: \x1b[m\x1b[Kunused parameter \xe2\x80\x98\x1b[01m\x1b[Ktimeout\x1b[m\x1b[K\xe2\x80\x99 [\x1b[01;35m\x1b[K\x1b]8;;https://gcc.gnu.org/onlinedocs/gcc/Warning-Options.html#index-Wunused-parameter\x07-Wunused-parameter\x1b]8;;\x07\x1b[m\x1b[K]\n'}
[3.927907] (sllidar_ros2) StderrLine: {'line': b'  292 | int raw_serial::waitforrecv(\x1b[01;35m\x1b[K_u32 timeout\x1b[m\x1b[K, size_t * returned_size)\n'}
[3.928034] (sllidar_ros2) StderrLine: {'line': b'      |                             \x1b[01;35m\x1b[K~~~~~^~~~~~~\x1b[m\x1b[K\n'}
[3.929700] (sllidar_ros2) StderrLine: {'line': b'\x1b[01m\x1b[K/home/robotics/project_deskdash/lidar_ws/src/sllidar_ros2/sdk/src/arch/linux/net_serial.cpp:\x1b[m\x1b[K In member function \xe2\x80\x98\x1b[01m\x1b[Kvirtual void rp::arch::net::raw_serial::cancelOperation()\x1b[m\x1b[K\xe2\x80\x99:\n'}
[3.930012] (sllidar_ros2) StderrLine: {'line': b'\x1b[01m\x1b[K/home/robotics/project_deskdash/lidar_ws/src/sllidar_ros2/sdk/src/arch/linux/net_serial.cpp:427:5:\x1b[m\x1b[K \x1b[01;35m\x1b[Kwarning: \x1b[m\x1b[Kvalue computed is not used [\x1b[01;35m\x1b[K\x1b]8;;https://gcc.gnu.org/onlinedocs/gcc/Warning-Options.html#index-Wunused-value\x07-Wunused-value\x1b]8;;\x07\x1b[m\x1b[K]\n'}
[3.930200] (sllidar_ros2) StderrLine: {'line': b'  427 |     \x1b[01;35m\x1b[K(int)::write(_selfpipe[1], "x", 1)\x1b[m\x1b[K;\n'}
[3.930329] (sllidar_ros2) StderrLine: {'line': b'      |     \x1b[01;35m\x1b[K^~~~~~~~~~~~~~~~~~~~~~~~~~~~~~~~~~\x1b[m\x1b[K\n'}
[4.019543] (-) TimerEvent: {}
[4.063249] (sllidar_ros2) StdoutLine: {'line': b'[ 40%] \x1b[32mBuilding CXX object CMakeFiles/sllidar_node.dir/sdk/src/dataunpacker/unpacker/handler_hqnode.cpp.o\x1b[0m\n'}
[4.067344] (sllidar_ros2) StderrLine: {'line': b'In file included from \x1b[01m\x1b[K/home/robotics/project_deskdash/lidar_ws/src/sllidar_ros2/sdk/src/dataunpacker/dataunpacker.cpp:40\x1b[m\x1b[K:\n'}
[4.067990] (sllidar_ros2) StderrLine: {'line': b'\x1b[01m\x1b[K/home/robotics/project_deskdash/lidar_ws/src/sllidar_ros2/sdk/src/dataunpacker/dataunpacker.h:\x1b[m\x1b[K In member function \xe2\x80\x98\x1b[01m\x1b[Kvirtual void sl::internal::LIDARSampleDataListener::onCustomSampleDataDecoded(_u8, _u32, const void*, size_t)\x1b[m\x1b[K\xe2\x80\x99:\n'}
[4.068189] (sllidar_ros2) StderrLine: {'line': b'\x1b[01m\x1b[K/home/robotics/project_deskdash/lidar_ws/src/sllidar_ros2/sdk/src/dataunpacker/dataunpacker.h:54:52:\x1b[m\x1b[K \x1b[01;35m\x1b[Kwarning: \x1b[m\x1b[Kunused parameter \xe2\x80\x98\x1b[01m\x1b[KansType\x1b[m\x1b[K\xe2\x80\x99 [\x1b[01;35m\x1b[K\x1b]8;;https://gcc.gnu.org/onlinedocs/gcc/Warning-Options.html#index-Wunused-parameter\x07-Wunused-parameter\x1b]8;;\x07\x1b[m\x1b[K]\n'}
[4.068356] (sllidar_ros2) StderrLine: {'line': b'   54 |         virtual void onCustomSampleDataDecoded(\x1b[01;35m\x1b[K_u8 ansType\x1b[m\x1b[K, _u32 customCode, const void* data, size_t size) {}\n'}
[4.068496] (sllidar_ros2) StderrLine: {'line': b'      |                                                \x1b[01;35m\x1b[K~~~~^~~~~~~\x1b[m\x1b[K\n'}
[4.068669] (sllidar_ros2) StderrLine: {'line': b'\x1b[01m\x1b[K/home/robotics/project_deskdash/lidar_ws/src/sllidar_ros2/sdk/src/dataunpacker/dataunpacker.h:54:66:\x1b[m\x1b[K \x1b[01;35m\x1b[Kwarning: \x1b[m\x1b[Kunused parameter \xe2\x80\x98\x1b[01m\x1b[KcustomCode\x1b[m\x1b[K\xe2\x80\x99 [\x1b[01;35m\x1b[K\x1b]8;;https://gcc.gnu.org/onlinedocs/gcc/Warning-Options.html#index-Wunused-parameter\x07-Wunused-parameter\x1b]8;;\x07\x1b[m\x1b[K]\n'}
[4.068824] (sllidar_ros2) StderrLine: {'line': b'   54 |         virtual void onCustomSampleDataDecoded(_u8 ansType, \x1b[01;35m\x1b[K_u32 customCode\x1b[m\x1b[K, const void* data, size_t size) {}\n'}
[4.068944] (sllidar_ros2) StderrLine: {'line': b'      |                                                             \x1b[01;35m\x1b[K~~~~~^~~~~~~~~~\x1b[m\x1b[K\n'}
[4.069059] (sllidar_ros2) StderrLine: {'line': b'\x1b[01m\x1b[K/home/robotics/project_deskdash/lidar_ws/src/sllidar_ros2/sdk/src/dataunpacker/dataunpacker.h:54:90:\x1b[m\x1b[K \x1b[01;35m\x1b[Kwarning: \x1b[m\x1b[Kunused parameter \xe2\x80\x98\x1b[01m\x1b[Kdata\x1b[m\x1b[K\xe2\x80\x99 [\x1b[01;35m\x1b[K\x1b]8;;https://gcc.gnu.org/onlinedocs/gcc/Warning-Options.html#index-Wunused-parameter\x07-Wunused-parameter\x1b]8;;\x07\x1b[m\x1b[K]\n'}
[4.069179] (sllidar_ros2) StderrLine: {'line': b'   54 |         virtual void onCustomSampleDataDecoded(_u8 ansType, _u32 customCode, \x1b[01;35m\x1b[Kconst void* data\x1b[m\x1b[K, size_t size) {}\n'}
[4.069296] (sllidar_ros2) StderrLine: {'line': b'      |                                                                              \x1b[01;35m\x1b[K~~~~~~~~~~~~^~~~\x1b[m\x1b[K\n'}
[4.069456] (sllidar_ros2) StderrLine: {'line': b'\x1b[01m\x1b[K/home/robotics/project_deskdash/lidar_ws/src/sllidar_ros2/sdk/src/dataunpacker/dataunpacker.h:54:103:\x1b[m\x1b[K \x1b[01;35m\x1b[Kwarning: \x1b[m\x1b[Kunused parameter \xe2\x80\x98\x1b[01m\x1b[Ksize\x1b[m\x1b[K\xe2\x80\x99 [\x1b[01;35m\x1b[K\x1b]8;;https://gcc.gnu.org/onlinedocs/gcc/Warning-Options.html#index-Wunused-parameter\x07-Wunused-parameter\x1b]8;;\x07\x1b[m\x1b[K]\n'}
[4.069578] (sllidar_ros2) StderrLine: {'line': b'   54 |         virtual void onCustomSampleDataDecoded(_u8 ansType, _u32 customCode, const void* data, \x1b[01;35m\x1b[Ksize_t size\x1b[m\x1b[K) {}\n'}
[4.069690] (sllidar_ros2) StderrLine: {'line': b'      |                                                                                                \x1b[01;35m\x1b[K~~~~~~~^~~~\x1b[m\x1b[K\n'}
[4.069801] (sllidar_ros2) StderrLine: {'line': b'\x1b[01m\x1b[K/home/robotics/project_deskdash/lidar_ws/src/sllidar_ros2/sdk/src/dataunpacker/dataunpacker.h:\x1b[m\x1b[K In member function \xe2\x80\x98\x1b[01m\x1b[Kvirtual void sl::internal::LIDARSampleDataListener::onDecodingError(int, _u8, const void*, size_t)\x1b[m\x1b[K\xe2\x80\x99:\n'}
[4.069946] (sllidar_ros2) StderrLine: {'line': b'\x1b[01m\x1b[K/home/robotics/project_deskdash/lidar_ws/src/sllidar_ros2/sdk/src/dataunpacker/dataunpacker.h:56:42:\x1b[m\x1b[K \x1b[01;35m\x1b[Kwarning: \x1b[m\x1b[Kunused parameter \xe2\x80\x98\x1b[01m\x1b[KerrMsg\x1b[m\x1b[K\xe2\x80\x99 [\x1b[01;35m\x1b[K\x1b]8;;https://gcc.gnu.org/onlinedocs/gcc/Warning-Options.html#index-Wunused-parameter\x07-Wunused-parameter\x1b]8;;\x07\x1b[m\x1b[K]\n'}
[4.070091] (sllidar_ros2) StderrLine: {'line': b'   56 |         virtual void onDecodingError(\x1b[01;35m\x1b[Kint errMsg\x1b[m\x1b[K, _u8 ansType, const void* payload, size_t size) {}\n'}
[4.070209] (sllidar_ros2) StderrLine: {'line': b'      |                                      \x1b[01;35m\x1b[K~~~~^~~~~~\x1b[m\x1b[K\n'}
[4.070581] (sllidar_ros2) StderrLine: {'line': b'\x1b[01m\x1b[K/home/robotics/project_deskdash/lidar_ws/src/sllidar_ros2/sdk/src/dataunpacker/dataunpacker.h:56:54:\x1b[m\x1b[K \x1b[01;35m\x1b[Kwarning: \x1b[m\x1b[Kunused parameter \xe2\x80\x98\x1b[01m\x1b[KansType\x1b[m\x1b[K\xe2\x80\x99 [\x1b[01;35m\x1b[K\x1b]8;;https://gcc.gnu.org/onlinedocs/gcc/Warning-Options.html#index-Wunused-parameter\x07-Wunused-parameter\x1b]8;;\x07\x1b[m\x1b[K]\n'}
[4.070760] (sllidar_ros2) StderrLine: {'line': b'   56 |         virtual void onDecodingError(int errMsg, \x1b[01;35m\x1b[K_u8 ansType\x1b[m\x1b[K, const void* payload, size_t size) {}\n'}
[4.070889] (sllidar_ros2) StderrLine: {'line': b'      |                                                  \x1b[01;35m\x1b[K~~~~^~~~~~~\x1b[m\x1b[K\n'}
[4.071032] (sllidar_ros2) StderrLine: {'line': b'\x1b[01m\x1b[K/home/robotics/project_deskdash/lidar_ws/src/sllidar_ros2/sdk/src/dataunpacker/dataunpacker.h:56:75:\x1b[m\x1b[K \x1b[01;35m\x1b[Kwarning: \x1b[m\x1b[Kunused parameter \xe2\x80\x98\x1b[01m\x1b[Kpayload\x1b[m\x1b[K\xe2\x80\x99 [\x1b[01;35m\x1b[K\x1b]8;;https://gcc.gnu.org/onlinedocs/gcc/Warning-Options.html#index-Wunused-parameter\x07-Wunused-parameter\x1b]8;;\x07\x1b[m\x1b[K]\n'}
[4.071171] (sllidar_ros2) StderrLine: {'line': b'   56 |         virtual void onDecodingError(int errMsg, _u8 ansType, \x1b[01;35m\x1b[Kconst void* payload\x1b[m\x1b[K, size_t size) {}\n'}
[4.071284] (sllidar_ros2) StderrLine: {'line': b'      |                                                               \x1b[01;35m\x1b[K~~~~~~~~~~~~^~~~~~~\x1b[m\x1b[K\n'}
[4.071397] (sllidar_ros2) StderrLine: {'line': b'\x1b[01m\x1b[K/home/robotics/project_deskdash/lidar_ws/src/sllidar_ros2/sdk/src/dataunpacker/dataunpacker.h:56:91:\x1b[m\x1b[K \x1b[01;35m\x1b[Kwarning: \x1b[m\x1b[Kunused parameter \xe2\x80\x98\x1b[01m\x1b[Ksize\x1b[m\x1b[K\xe2\x80\x99 [\x1b[01;35m\x1b[K\x1b]8;;https://gcc.gnu.org/onlinedocs/gcc/Warning-Options.html#index-Wunused-parameter\x07-Wunused-parameter\x1b]8;;\x07\x1b[m\x1b[K]\n'}
[4.071514] (sllidar_ros2) StderrLine: {'line': b'   56 |         virtual void onDecodingError(int errMsg, _u8 ansType, const void* payload, \x1b[01;35m\x1b[Ksize_t size\x1b[m\x1b[K) {}\n'}
[4.071625] (sllidar_ros2) StderrLine: {'line': b'      |                                                                                    \x1b[01;35m\x1b[K~~~~~~~^~~~\x1b[m\x1b[K\n'}
[4.119770] (-) TimerEvent: {}
[4.220726] (-) TimerEvent: {}
[4.272124] (sllidar_ros2) StdoutLine: {'line': b'[ 45%] \x1b[32mBuilding CXX object CMakeFiles/sllidar_node.dir/sdk/src/dataunpacker/unpacker/handler_normalnode.cpp.o\x1b[0m\n'}
[4.320942] (-) TimerEvent: {}
[4.421726] (-) TimerEvent: {}
[4.522837] (-) TimerEvent: {}
[4.624877] (-) TimerEvent: {}
[4.725910] (-) TimerEvent: {}
[4.737687] (sllidar_ros2) StderrLine: {'line': b'In file included from \x1b[01m\x1b[K/home/robotics/project_deskdash/lidar_ws/src/sllidar_ros2/./sdk/include/rplidar_protocol.h:36\x1b[m\x1b[K,\n'}
[4.738181] (sllidar_ros2) StderrLine: {'line': b'                 from \x1b[01m\x1b[K/home/robotics/project_deskdash/lidar_ws/src/sllidar_ros2/./sdk/include/rplidar.h:39\x1b[m\x1b[K,\n'}
[4.738374] (sllidar_ros2) StderrLine: {'line': b'                 from \x1b[01m\x1b[K/home/robotics/project_deskdash/lidar_ws/src/sllidar_ros2/./sdk/src/sdkcommon.h:49\x1b[m\x1b[K,\n'}
[4.738517] (sllidar_ros2) StderrLine: {'line': b'                 from \x1b[01m\x1b[K/home/robotics/project_deskdash/lidar_ws/src/sllidar_ros2/sdk/src/dataunpacker/unpacker/../dataunnpacker_commondef.h:41\x1b[m\x1b[K,\n'}
[4.738648] (sllidar_ros2) StderrLine: {'line': b'                 from \x1b[01m\x1b[K/home/robotics/project_deskdash/lidar_ws/src/sllidar_ros2/sdk/src/dataunpacker/unpacker/handler_capsules.cpp:39\x1b[m\x1b[K:\n'}
[4.738771] (sllidar_ros2) StderrLine: {'line': b'\x1b[01m\x1b[K/home/robotics/project_deskdash/lidar_ws/src/sllidar_ros2/./sdk/include/sl_lidar_protocol.h:66:16:\x1b[m\x1b[K \x1b[01;35m\x1b[Kwarning: \x1b[m\x1b[KISO C++ forbids zero-size array \xe2\x80\x98\x1b[01m\x1b[Kdata\x1b[m\x1b[K\xe2\x80\x99 [\x1b[01;35m\x1b[K\x1b]8;;https://gcc.gnu.org/onlinedocs/gcc/Warning-Options.html#index-Wpedantic\x07-Wpedantic\x1b]8;;\x07\x1b[m\x1b[K]\n'}
[4.738902] (sllidar_ros2) StderrLine: {'line': b'   66 |     sl_u8 data[\x1b[01;35m\x1b[K0\x1b[m\x1b[K];\n'}
[4.739017] (sllidar_ros2) StderrLine: {'line': b'      |                \x1b[01;35m\x1b[K^\x1b[m\x1b[K\n'}
[4.740376] (sllidar_ros2) StderrLine: {'line': b'In file included from \x1b[01m\x1b[K/home/robotics/project_deskdash/lidar_ws/src/sllidar_ros2/./sdk/include/rplidar_cmd.h:36\x1b[m\x1b[K,\n'}
[4.740674] (sllidar_ros2) StderrLine: {'line': b'                 from \x1b[01m\x1b[K/home/robotics/project_deskdash/lidar_ws/src/sllidar_ros2/./sdk/include/rplidar.h:40\x1b[m\x1b[K,\n'}
[4.740842] (sllidar_ros2) StderrLine: {'line': b'                 from \x1b[01m\x1b[K/home/robotics/project_deskdash/lidar_ws/src/sllidar_ros2/./sdk/src/sdkcommon.h:49\x1b[m\x1b[K,\n'}
[4.741016] (sllidar_ros2) StderrLine: {'line': b'                 from \x1b[01m\x1b[K/home/robotics/project_deskdash/lidar_ws/src/sllidar_ros2/sdk/src/dataunpacker/unpacker/../dataunnpacker_commondef.h:41\x1b[m\x1b[K,\n'}
[4.741145] (sllidar_ros2) StderrLine: {'line': b'                 from \x1b[01m\x1b[K/home/robotics/project_deskdash/lidar_ws/src/sllidar_ros2/sdk/src/dataunpacker/unpacker/handler_capsules.cpp:39\x1b[m\x1b[K:\n'}
[4.741263] (sllidar_ros2) StderrLine: {'line': b'\x1b[01m\x1b[K/home/robotics/project_deskdash/lidar_ws/src/sllidar_ros2/./sdk/include/sl_lidar_cmd.h:324:20:\x1b[m\x1b[K \x1b[01;35m\x1b[Kwarning: \x1b[m\x1b[KISO C++ forbids zero-size array \xe2\x80\x98\x1b[01m\x1b[Kpayload\x1b[m\x1b[K\xe2\x80\x99 [\x1b[01;35m\x1b[K\x1b]8;;https://gcc.gnu.org/onlinedocs/gcc/Warning-Options.html#index-Wpedantic\x07-Wpedantic\x1b]8;;\x07\x1b[m\x1b[K]\n'}
[4.741457] (sllidar_ros2) StderrLine: {'line': b'  324 |     sl_u8  payload[\x1b[01;35m\x1b[K0\x1b[m\x1b[K];\n'}
[4.741582] (sllidar_ros2) StderrLine: {'line': b'      |                    \x1b[01;35m\x1b[K^\x1b[m\x1b[K\n'}
[4.748934] (sllidar_ros2) StdoutLine: {'line': b'[ 50%] \x1b[32mBuilding CXX object CMakeFiles/sllidar_node.dir/sdk/src/hal/thread.cpp.o\x1b[0m\n'}
[4.826191] (-) TimerEvent: {}
[4.918924] (sllidar_ros2) StderrLine: {'line': b'In file included from \x1b[01m\x1b[K/home/robotics/project_deskdash/lidar_ws/src/sllidar_ros2/./sdk/include/rplidar_protocol.h:36\x1b[m\x1b[K,\n'}
[4.919432] (sllidar_ros2) StderrLine: {'line': b'                 from \x1b[01m\x1b[K/home/robotics/project_deskdash/lidar_ws/src/sllidar_ros2/./sdk/include/rplidar.h:39\x1b[m\x1b[K,\n'}
[4.919804] (sllidar_ros2) StderrLine: {'line': b'                 from \x1b[01m\x1b[K/home/robotics/project_deskdash/lidar_ws/src/sllidar_ros2/./sdk/src/sdkcommon.h:49\x1b[m\x1b[K,\n'}
[4.919986] (sllidar_ros2) StderrLine: {'line': b'                 from \x1b[01m\x1b[K/home/robotics/project_deskdash/lidar_ws/src/sllidar_ros2/sdk/src/dataunpacker/unpacker/../dataunnpacker_commondef.h:41\x1b[m\x1b[K,\n'}
[4.920132] (sllidar_ros2) StderrLine: {'line': b'                 from \x1b[01m\x1b[K/home/robotics/project_deskdash/lidar_ws/src/sllidar_ros2/sdk/src/dataunpacker/unpacker/handler_hqnode.cpp:39\x1b[m\x1b[K:\n'}
[4.920262] (sllidar_ros2) StderrLine: {'line': b'\x1b[01m\x1b[K/home/robotics/project_deskdash/lidar_ws/src/sllidar_ros2/./sdk/include/sl_lidar_protocol.h:66:16:\x1b[m\x1b[K \x1b[01;35m\x1b[Kwarning: \x1b[m\x1b[KISO C++ forbids zero-size array \xe2\x80\x98\x1b[01m\x1b[Kdata\x1b[m\x1b[K\xe2\x80\x99 [\x1b[01;35m\x1b[K\x1b]8;;https://gcc.gnu.org/onlinedocs/gcc/Warning-Options.html#index-Wpedantic\x07-Wpedantic\x1b]8;;\x07\x1b[m\x1b[K]\n'}
[4.920439] (sllidar_ros2) StderrLine: {'line': b'   66 |     sl_u8 data[\x1b[01;35m\x1b[K0\x1b[m\x1b[K];\n'}
[4.920565] (sllidar_ros2) StderrLine: {'line': b'      |                \x1b[01;35m\x1b[K^\x1b[m\x1b[K\n'}
[4.920681] (sllidar_ros2) StderrLine: {'line': b'In file included from \x1b[01m\x1b[K/home/robotics/project_deskdash/lidar_ws/src/sllidar_ros2/./sdk/include/rplidar_cmd.h:36\x1b[m\x1b[K,\n'}
[4.920799] (sllidar_ros2) StderrLine: {'line': b'                 from \x1b[01m\x1b[K/home/robotics/project_deskdash/lidar_ws/src/sllidar_ros2/./sdk/include/rplidar.h:40\x1b[m\x1b[K,\n'}
[4.920912] (sllidar_ros2) StderrLine: {'line': b'                 from \x1b[01m\x1b[K/home/robotics/project_deskdash/lidar_ws/src/sllidar_ros2/./sdk/src/sdkcommon.h:49\x1b[m\x1b[K,\n'}
[4.921023] (sllidar_ros2) StderrLine: {'line': b'                 from \x1b[01m\x1b[K/home/robotics/project_deskdash/lidar_ws/src/sllidar_ros2/sdk/src/dataunpacker/unpacker/../dataunnpacker_commondef.h:41\x1b[m\x1b[K,\n'}
[4.921133] (sllidar_ros2) StderrLine: {'line': b'                 from \x1b[01m\x1b[K/home/robotics/project_deskdash/lidar_ws/src/sllidar_ros2/sdk/src/dataunpacker/unpacker/handler_hqnode.cpp:39\x1b[m\x1b[K:\n'}
[4.921270] (sllidar_ros2) StderrLine: {'line': b'\x1b[01m\x1b[K/home/robotics/project_deskdash/lidar_ws/src/sllidar_ros2/./sdk/include/sl_lidar_cmd.h:324:20:\x1b[m\x1b[K \x1b[01;35m\x1b[Kwarning: \x1b[m\x1b[KISO C++ forbids zero-size array \xe2\x80\x98\x1b[01m\x1b[Kpayload\x1b[m\x1b[K\xe2\x80\x99 [\x1b[01;35m\x1b[K\x1b]8;;https://gcc.gnu.org/onlinedocs/gcc/Warning-Options.html#index-Wpedantic\x07-Wpedantic\x1b]8;;\x07\x1b[m\x1b[K]\n'}
[4.921460] (sllidar_ros2) StderrLine: {'line': b'  324 |     sl_u8  payload[\x1b[01;35m\x1b[K0\x1b[m\x1b[K];\n'}
[4.921576] (sllidar_ros2) StderrLine: {'line': b'      |                    \x1b[01;35m\x1b[K^\x1b[m\x1b[K\n'}
[4.926267] (-) TimerEvent: {}
[5.026959] (-) TimerEvent: {}
[5.127696] (-) TimerEvent: {}
[5.167267] (sllidar_ros2) StderrLine: {'line': b'In file included from \x1b[01m\x1b[K/home/robotics/project_deskdash/lidar_ws/src/sllidar_ros2/./sdk/include/rplidar_protocol.h:36\x1b[m\x1b[K,\n'}
[5.168970] (sllidar_ros2) StderrLine: {'line': b'                 from \x1b[01m\x1b[K/home/robotics/project_deskdash/lidar_ws/src/sllidar_ros2/./sdk/include/rplidar.h:39\x1b[m\x1b[K,\n'}
[5.169491] (sllidar_ros2) StderrLine: {'line': b'                 from \x1b[01m\x1b[K/home/robotics/project_deskdash/lidar_ws/src/sllidar_ros2/./sdk/src/sdkcommon.h:49\x1b[m\x1b[K,\n'}
[5.169817] (sllidar_ros2) StderrLine: {'line': b'                 from \x1b[01m\x1b[K/home/robotics/project_deskdash/lidar_ws/src/sllidar_ros2/sdk/src/dataunpacker/unpacker/../dataunnpacker_commondef.h:41\x1b[m\x1b[K,\n'}
[5.170063] (sllidar_ros2) StderrLine: {'line': b'                 from \x1b[01m\x1b[K/home/robotics/project_deskdash/lidar_ws/src/sllidar_ros2/sdk/src/dataunpacker/unpacker/handler_normalnode.cpp:39\x1b[m\x1b[K:\n'}
[5.170323] (sllidar_ros2) StderrLine: {'line': b'\x1b[01m\x1b[K/home/robotics/project_deskdash/lidar_ws/src/sllidar_ros2/./sdk/include/sl_lidar_protocol.h:66:16:\x1b[m\x1b[K \x1b[01;35m\x1b[Kwarning: \x1b[m\x1b[KISO C++ forbids zero-size array \xe2\x80\x98\x1b[01m\x1b[Kdata\x1b[m\x1b[K\xe2\x80\x99 [\x1b[01;35m\x1b[K\x1b]8;;https://gcc.gnu.org/onlinedocs/gcc/Warning-Options.html#index-Wpedantic\x07-Wpedantic\x1b]8;;\x07\x1b[m\x1b[K]\n'}
[5.170609] (sllidar_ros2) StderrLine: {'line': b'   66 |     sl_u8 data[\x1b[01;35m\x1b[K0\x1b[m\x1b[K];\n'}
[5.170746] (sllidar_ros2) StderrLine: {'line': b'      |                \x1b[01;35m\x1b[K^\x1b[m\x1b[K\n'}
[5.170979] (sllidar_ros2) StderrLine: {'line': b'In file included from \x1b[01m\x1b[K/home/robotics/project_deskdash/lidar_ws/src/sllidar_ros2/./sdk/include/rplidar_cmd.h:36\x1b[m\x1b[K,\n'}
[5.171105] (sllidar_ros2) StderrLine: {'line': b'                 from \x1b[01m\x1b[K/home/robotics/project_deskdash/lidar_ws/src/sllidar_ros2/./sdk/include/rplidar.h:40\x1b[m\x1b[K,\n'}
[5.171269] (sllidar_ros2) StderrLine: {'line': b'                 from \x1b[01m\x1b[K/home/robotics/project_deskdash/lidar_ws/src/sllidar_ros2/./sdk/src/sdkcommon.h:49\x1b[m\x1b[K,\n'}
[5.171396] (sllidar_ros2) StderrLine: {'line': b'                 from \x1b[01m\x1b[K/home/robotics/project_deskdash/lidar_ws/src/sllidar_ros2/sdk/src/dataunpacker/unpacker/../dataunnpacker_commondef.h:41\x1b[m\x1b[K,\n'}
[5.171574] (sllidar_ros2) StderrLine: {'line': b'                 from \x1b[01m\x1b[K/home/robotics/project_deskdash/lidar_ws/src/sllidar_ros2/sdk/src/dataunpacker/unpacker/handler_normalnode.cpp:39\x1b[m\x1b[K:\n'}
[5.171700] (sllidar_ros2) StderrLine: {'line': b'\x1b[01m\x1b[K/home/robotics/project_deskdash/lidar_ws/src/sllidar_ros2/./sdk/include/sl_lidar_cmd.h:324:20:\x1b[m\x1b[K \x1b[01;35m\x1b[Kwarning: \x1b[m\x1b[KISO C++ forbids zero-size array \xe2\x80\x98\x1b[01m\x1b[Kpayload\x1b[m\x1b[K\xe2\x80\x99 [\x1b[01;35m\x1b[K\x1b]8;;https://gcc.gnu.org/onlinedocs/gcc/Warning-Options.html#index-Wpedantic\x07-Wpedantic\x1b]8;;\x07\x1b[m\x1b[K]\n'}
[5.171826] (sllidar_ros2) StderrLine: {'line': b'  324 |     sl_u8  payload[\x1b[01;35m\x1b[K0\x1b[m\x1b[K];\n'}
[5.171942] (sllidar_ros2) StderrLine: {'line': b'      |                    \x1b[01;35m\x1b[K^\x1b[m\x1b[K\n'}
[5.182421] (sllidar_ros2) StderrLine: {'line': b'In file included from \x1b[01m\x1b[K/home/robotics/project_deskdash/lidar_ws/src/sllidar_ros2/sdk/src/dataunpacker/unpacker/handler_capsules.cpp:40\x1b[m\x1b[K:\n'}
[5.183077] (sllidar_ros2) StderrLine: {'line': b'\x1b[01m\x1b[K/home/robotics/project_deskdash/lidar_ws/src/sllidar_ros2/sdk/src/dataunpacker/unpacker/../dataunpacker.h:\x1b[m\x1b[K In member function \xe2\x80\x98\x1b[01m\x1b[Kvirtual void sl::internal::LIDARSampleDataListener::onCustomSampleDataDecoded(_u8, _u32, const void*, size_t)\x1b[m\x1b[K\xe2\x80\x99:\n'}
[5.183266] (sllidar_ros2) StderrLine: {'line': b'\x1b[01m\x1b[K/home/robotics/project_deskdash/lidar_ws/src/sllidar_ros2/sdk/src/dataunpacker/unpacker/../dataunpacker.h:54:52:\x1b[m\x1b[K \x1b[01;35m\x1b[Kwarning: \x1b[m\x1b[Kunused parameter \xe2\x80\x98\x1b[01m\x1b[KansType\x1b[m\x1b[K\xe2\x80\x99 [\x1b[01;35m\x1b[K\x1b]8;;https://gcc.gnu.org/onlinedocs/gcc/Warning-Options.html#index-Wunused-parameter\x07-Wunused-parameter\x1b]8;;\x07\x1b[m\x1b[K]\n'}
[5.183447] (sllidar_ros2) StderrLine: {'line': b'   54 |         virtual void onCustomSampleDataDecoded(\x1b[01;35m\x1b[K_u8 ansType\x1b[m\x1b[K, _u32 customCode, const void* data, size_t size) {}\n'}
[5.183577] (sllidar_ros2) StderrLine: {'line': b'      |                                                \x1b[01;35m\x1b[K~~~~^~~~~~~\x1b[m\x1b[K\n'}
[5.183697] (sllidar_ros2) StderrLine: {'line': b'\x1b[01m\x1b[K/home/robotics/project_deskdash/lidar_ws/src/sllidar_ros2/sdk/src/dataunpacker/unpacker/../dataunpacker.h:54:66:\x1b[m\x1b[K \x1b[01;35m\x1b[Kwarning: \x1b[m\x1b[Kunused parameter \xe2\x80\x98\x1b[01m\x1b[KcustomCode\x1b[m\x1b[K\xe2\x80\x99 [\x1b[01;35m\x1b[K\x1b]8;;https://gcc.gnu.org/onlinedocs/gcc/Warning-Options.html#index-Wunused-parameter\x07-Wunused-parameter\x1b]8;;\x07\x1b[m\x1b[K]\n'}
[5.183822] (sllidar_ros2) StderrLine: {'line': b'   54 |         virtual void onCustomSampleDataDecoded(_u8 ansType, \x1b[01;35m\x1b[K_u32 customCode\x1b[m\x1b[K, const void* data, size_t size) {}\n'}
[5.183937] (sllidar_ros2) StderrLine: {'line': b'      |                                                             \x1b[01;35m\x1b[K~~~~~^~~~~~~~~~\x1b[m\x1b[K\n'}
[5.184051] (sllidar_ros2) StderrLine: {'line': b'\x1b[01m\x1b[K/home/robotics/project_deskdash/lidar_ws/src/sllidar_ros2/sdk/src/dataunpacker/unpacker/../dataunpacker.h:54:90:\x1b[m\x1b[K \x1b[01;35m\x1b[Kwarning: \x1b[m\x1b[Kunused parameter \xe2\x80\x98\x1b[01m\x1b[Kdata\x1b[m\x1b[K\xe2\x80\x99 [\x1b[01;35m\x1b[K\x1b]8;;https://gcc.gnu.org/onlinedocs/gcc/Warning-Options.html#index-Wunused-parameter\x07-Wunused-parameter\x1b]8;;\x07\x1b[m\x1b[K]\n'}
[5.184194] (sllidar_ros2) StderrLine: {'line': b'   54 |         virtual void onCustomSampleDataDecoded(_u8 ansType, _u32 customCode, \x1b[01;35m\x1b[Kconst void* data\x1b[m\x1b[K, size_t size) {}\n'}
[5.184308] (sllidar_ros2) StderrLine: {'line': b'      |                                                                              \x1b[01;35m\x1b[K~~~~~~~~~~~~^~~~\x1b[m\x1b[K\n'}
[5.184419] (sllidar_ros2) StderrLine: {'line': b'\x1b[01m\x1b[K/home/robotics/project_deskdash/lidar_ws/src/sllidar_ros2/sdk/src/dataunpacker/unpacker/../dataunpacker.h:54:103:\x1b[m\x1b[K \x1b[01;35m\x1b[Kwarning: \x1b[m\x1b[Kunused parameter \xe2\x80\x98\x1b[01m\x1b[Ksize\x1b[m\x1b[K\xe2\x80\x99 [\x1b[01;35m\x1b[K\x1b]8;;https://gcc.gnu.org/onlinedocs/gcc/Warning-Options.html#index-Wunused-parameter\x07-Wunused-parameter\x1b]8;;\x07\x1b[m\x1b[K]\n'}
[5.184534] (sllidar_ros2) StderrLine: {'line': b'   54 |         virtual void onCustomSampleDataDecoded(_u8 ansType, _u32 customCode, const void* data, \x1b[01;35m\x1b[Ksize_t size\x1b[m\x1b[K) {}\n'}
[5.184642] (sllidar_ros2) StderrLine: {'line': b'      |                                                                                                \x1b[01;35m\x1b[K~~~~~~~^~~~\x1b[m\x1b[K\n'}
[5.184752] (sllidar_ros2) StderrLine: {'line': b'\x1b[01m\x1b[K/home/robotics/project_deskdash/lidar_ws/src/sllidar_ros2/sdk/src/dataunpacker/unpacker/../dataunpacker.h:\x1b[m\x1b[K In member function \xe2\x80\x98\x1b[01m\x1b[Kvirtual void sl::internal::LIDARSampleDataListener::onDecodingError(int, _u8, const void*, size_t)\x1b[m\x1b[K\xe2\x80\x99:\n'}
[5.184888] (sllidar_ros2) StderrLine: {'line': b'\x1b[01m\x1b[K/home/robotics/project_deskdash/lidar_ws/src/sllidar_ros2/sdk/src/dataunpacker/unpacker/../dataunpacker.h:56:42:\x1b[m\x1b[K \x1b[01;35m\x1b[Kwarning: \x1b[m\x1b[Kunused parameter \xe2\x80\x98\x1b[01m\x1b[KerrMsg\x1b[m\x1b[K\xe2\x80\x99 [\x1b[01;35m\x1b[K\x1b]8;;https://gcc.gnu.org/onlinedocs/gcc/Warning-Options.html#index-Wunused-parameter\x07-Wunused-parameter\x1b]8;;\x07\x1b[m\x1b[K]\n'}
[5.185015] (sllidar_ros2) StderrLine: {'line': b'   56 |         virtual void onDecodingError(\x1b[01;35m\x1b[Kint errMsg\x1b[m\x1b[K, _u8 ansType, const void* payload, size_t size) {}\n'}
[5.185133] (sllidar_ros2) StderrLine: {'line': b'      |                                      \x1b[01;35m\x1b[K~~~~^~~~~~\x1b[m\x1b[K\n'}
[5.185244] (sllidar_ros2) StderrLine: {'line': b'\x1b[01m\x1b[K/home/robotics/project_deskdash/lidar_ws/src/sllidar_ros2/sdk/src/dataunpacker/unpacker/../dataunpacker.h:56:54:\x1b[m\x1b[K \x1b[01;35m\x1b[Kwarning: \x1b[m\x1b[Kunused parameter \xe2\x80\x98\x1b[01m\x1b[KansType\x1b[m\x1b[K\xe2\x80\x99 [\x1b[01;35m\x1b[K\x1b]8;;https://gcc.gnu.org/onlinedocs/gcc/Warning-Options.html#index-Wunused-parameter\x07-Wunused-parameter\x1b]8;;\x07\x1b[m\x1b[K]\n'}
[5.185391] (sllidar_ros2) StderrLine: {'line': b'   56 |         virtual void onDecodingError(int errMsg, \x1b[01;35m\x1b[K_u8 ansType\x1b[m\x1b[K, const void* payload, size_t size) {}\n'}
[5.185504] (sllidar_ros2) StderrLine: {'line': b'      |                                                  \x1b[01;35m\x1b[K~~~~^~~~~~~\x1b[m\x1b[K\n'}
[5.185613] (sllidar_ros2) StderrLine: {'line': b'\x1b[01m\x1b[K/home/robotics/project_deskdash/lidar_ws/src/sllidar_ros2/sdk/src/dataunpacker/unpacker/../dataunpacker.h:56:75:\x1b[m\x1b[K \x1b[01;35m\x1b[Kwarning: \x1b[m\x1b[Kunused parameter \xe2\x80\x98\x1b[01m\x1b[Kpayload\x1b[m\x1b[K\xe2\x80\x99 [\x1b[01;35m\x1b[K\x1b]8;;https://gcc.gnu.org/onlinedocs/gcc/Warning-Options.html#index-Wunused-parameter\x07-Wunused-parameter\x1b]8;;\x07\x1b[m\x1b[K]\n'}
[5.185730] (sllidar_ros2) StderrLine: {'line': b'   56 |         virtual void onDecodingError(int errMsg, _u8 ansType, \x1b[01;35m\x1b[Kconst void* payload\x1b[m\x1b[K, size_t size) {}\n'}
[5.185838] (sllidar_ros2) StderrLine: {'line': b'      |                                                               \x1b[01;35m\x1b[K~~~~~~~~~~~~^~~~~~~\x1b[m\x1b[K\n'}
[5.186219] (sllidar_ros2) StderrLine: {'line': b'\x1b[01m\x1b[K/home/robotics/project_deskdash/lidar_ws/src/sllidar_ros2/sdk/src/dataunpacker/unpacker/../dataunpacker.h:56:91:\x1b[m\x1b[K \x1b[01;35m\x1b[Kwarning: \x1b[m\x1b[Kunused parameter \xe2\x80\x98\x1b[01m\x1b[Ksize\x1b[m\x1b[K\xe2\x80\x99 [\x1b[01;35m\x1b[K\x1b]8;;https://gcc.gnu.org/onlinedocs/gcc/Warning-Options.html#index-Wunused-parameter\x07-Wunused-parameter\x1b]8;;\x07\x1b[m\x1b[K]\n'}
[5.186490] (sllidar_ros2) StderrLine: {'line': b'   56 |         virtual void onDecodingError(int errMsg, _u8 ansType, const void* payload, \x1b[01;35m\x1b[Ksize_t size\x1b[m\x1b[K) {}\n'}
[5.186620] (sllidar_ros2) StderrLine: {'line': b'      |                                                                                    \x1b[01;35m\x1b[K~~~~~~~^~~~\x1b[m\x1b[K\n'}
[5.211564] (sllidar_ros2) StderrLine: {'line': b'\x1b[01m\x1b[K/home/robotics/project_deskdash/lidar_ws/src/sllidar_ros2/sdk/src/dataunpacker/unpacker/handler_capsules.cpp:\x1b[m\x1b[K In member function \xe2\x80\x98\x1b[01m\x1b[Kvoid sl::internal::unpacker::UnpackerHandler_DenseCapsuleNode::_onScanNodeDenseCapsuleData(rplidar_response_dense_capsule_measurement_nodes_t&, sl::internal::LIDARSampleDataUnpackerInner*)\x1b[m\x1b[K\xe2\x80\x99:\n'}
[5.212090] (sllidar_ros2) StderrLine: {'line': b'\x1b[01m\x1b[K/home/robotics/project_deskdash/lidar_ws/src/sllidar_ros2/sdk/src/dataunpacker/unpacker/handler_capsules.cpp:763:30:\x1b[m\x1b[K \x1b[01;35m\x1b[Kwarning: \x1b[m\x1b[Ktype qualifiers ignored on cast result type [\x1b[01;35m\x1b[K\x1b]8;;https://gcc.gnu.org/onlinedocs/gcc/Warning-Options.html#index-Wignored-qualifiers\x07-Wignored-qualifiers\x1b]8;;\x07\x1b[m\x1b[K]\n'}
[5.212355] (sllidar_ros2) StderrLine: {'line': b'  763 |             const int dist = \x1b[01;35m\x1b[Kstatic_cast<const int>(_cached_previous_dense_capsuledata.cabins[pos].distance)\x1b[m\x1b[K;\n'}
[5.212514] (sllidar_ros2) StderrLine: {'line': b'      |                              \x1b[01;35m\x1b[K^~~~~~~~~~~~~~~~~~~~~~~~~~~~~~~~~~~~~~~~~~~~~~~~~~~~~~~~~~~~~~~~~~~~~~~~~~~~~~~\x1b[m\x1b[K\n'}
[5.227914] (-) TimerEvent: {}
[5.287657] (sllidar_ros2) StderrLine: {'line': b'In file included from \x1b[01m\x1b[K/home/robotics/project_deskdash/lidar_ws/src/sllidar_ros2/sdk/src/dataunpacker/unpacker/handler_hqnode.cpp:40\x1b[m\x1b[K:\n'}
[5.288279] (sllidar_ros2) StderrLine: {'line': b'\x1b[01m\x1b[K/home/robotics/project_deskdash/lidar_ws/src/sllidar_ros2/sdk/src/dataunpacker/unpacker/../dataunpacker.h:\x1b[m\x1b[K In member function \xe2\x80\x98\x1b[01m\x1b[Kvirtual void sl::internal::LIDARSampleDataListener::onCustomSampleDataDecoded(_u8, _u32, const void*, size_t)\x1b[m\x1b[K\xe2\x80\x99:\n'}
[5.288474] (sllidar_ros2) StderrLine: {'line': b'\x1b[01m\x1b[K/home/robotics/project_deskdash/lidar_ws/src/sllidar_ros2/sdk/src/dataunpacker/unpacker/../dataunpacker.h:54:52:\x1b[m\x1b[K \x1b[01;35m\x1b[Kwarning: \x1b[m\x1b[Kunused parameter \xe2\x80\x98\x1b[01m\x1b[KansType\x1b[m\x1b[K\xe2\x80\x99 [\x1b[01;35m\x1b[K\x1b]8;;https://gcc.gnu.org/onlinedocs/gcc/Warning-Options.html#index-Wunused-parameter\x07-Wunused-parameter\x1b]8;;\x07\x1b[m\x1b[K]\n'}
[5.288631] (sllidar_ros2) StderrLine: {'line': b'   54 |         virtual void onCustomSampleDataDecoded(\x1b[01;35m\x1b[K_u8 ansType\x1b[m\x1b[K, _u32 customCode, const void* data, size_t size) {}\n'}
[5.288807] (sllidar_ros2) StderrLine: {'line': b'      |                                                \x1b[01;35m\x1b[K~~~~^~~~~~~\x1b[m\x1b[K\n'}
[5.288941] (sllidar_ros2) StderrLine: {'line': b'\x1b[01m\x1b[K/home/robotics/project_deskdash/lidar_ws/src/sllidar_ros2/sdk/src/dataunpacker/unpacker/../dataunpacker.h:54:66:\x1b[m\x1b[K \x1b[01;35m\x1b[Kwarning: \x1b[m\x1b[Kunused parameter \xe2\x80\x98\x1b[01m\x1b[KcustomCode\x1b[m\x1b[K\xe2\x80\x99 [\x1b[01;35m\x1b[K\x1b]8;;https://gcc.gnu.org/onlinedocs/gcc/Warning-Options.html#index-Wunused-parameter\x07-Wunused-parameter\x1b]8;;\x07\x1b[m\x1b[K]\n'}
[5.289073] (sllidar_ros2) StderrLine: {'line': b'   54 |         virtual void onCustomSampleDataDecoded(_u8 ansType, \x1b[01;35m\x1b[K_u32 customCode\x1b[m\x1b[K, const void* data, size_t size) {}\n'}
[5.289195] (sllidar_ros2) StderrLine: {'line': b'      |                                                             \x1b[01;35m\x1b[K~~~~~^~~~~~~~~~\x1b[m\x1b[K\n'}
[5.289351] (sllidar_ros2) StderrLine: {'line': b'\x1b[01m\x1b[K/home/robotics/project_deskdash/lidar_ws/src/sllidar_ros2/sdk/src/dataunpacker/unpacker/../dataunpacker.h:54:90:\x1b[m\x1b[K \x1b[01;35m\x1b[Kwarning: \x1b[m\x1b[Kunused parameter \xe2\x80\x98\x1b[01m\x1b[Kdata\x1b[m\x1b[K\xe2\x80\x99 [\x1b[01;35m\x1b[K\x1b]8;;https://gcc.gnu.org/onlinedocs/gcc/Warning-Options.html#index-Wunused-parameter\x07-Wunused-parameter\x1b]8;;\x07\x1b[m\x1b[K]\n'}
[5.289497] (sllidar_ros2) StderrLine: {'line': b'   54 |         virtual void onCustomSampleDataDecoded(_u8 ansType, _u32 customCode, \x1b[01;35m\x1b[Kconst void* data\x1b[m\x1b[K, size_t size) {}\n'}
[5.289616] (sllidar_ros2) StderrLine: {'line': b'      |                                                                              \x1b[01;35m\x1b[K~~~~~~~~~~~~^~~~\x1b[m\x1b[K\n'}
[5.289731] (sllidar_ros2) StderrLine: {'line': b'\x1b[01m\x1b[K/home/robotics/project_deskdash/lidar_ws/src/sllidar_ros2/sdk/src/dataunpacker/unpacker/../dataunpacker.h:54:103:\x1b[m\x1b[K \x1b[01;35m\x1b[Kwarning: \x1b[m\x1b[Kunused parameter \xe2\x80\x98\x1b[01m\x1b[Ksize\x1b[m\x1b[K\xe2\x80\x99 [\x1b[01;35m\x1b[K\x1b]8;;https://gcc.gnu.org/onlinedocs/gcc/Warning-Options.html#index-Wunused-parameter\x07-Wunused-parameter\x1b]8;;\x07\x1b[m\x1b[K]\n'}
[5.289862] (sllidar_ros2) StderrLine: {'line': b'   54 |         virtual void onCustomSampleDataDecoded(_u8 ansType, _u32 customCode, const void* data, \x1b[01;35m\x1b[Ksize_t size\x1b[m\x1b[K) {}\n'}
[5.290008] (sllidar_ros2) StderrLine: {'line': b'      |                                                                                                \x1b[01;35m\x1b[K~~~~~~~^~~~\x1b[m\x1b[K\n'}
[5.290142] (sllidar_ros2) StderrLine: {'line': b'\x1b[01m\x1b[K/home/robotics/project_deskdash/lidar_ws/src/sllidar_ros2/sdk/src/dataunpacker/unpacker/../dataunpacker.h:\x1b[m\x1b[K In member function \xe2\x80\x98\x1b[01m\x1b[Kvirtual void sl::internal::LIDARSampleDataListener::onDecodingError(int, _u8, const void*, size_t)\x1b[m\x1b[K\xe2\x80\x99:\n'}
[5.290259] (sllidar_ros2) StderrLine: {'line': b'\x1b[01m\x1b[K/home/robotics/project_deskdash/lidar_ws/src/sllidar_ros2/sdk/src/dataunpacker/unpacker/../dataunpacker.h:56:42:\x1b[m\x1b[K \x1b[01;35m\x1b[Kwarning: \x1b[m\x1b[Kunused parameter \xe2\x80\x98\x1b[01m\x1b[KerrMsg\x1b[m\x1b[K\xe2\x80\x99 [\x1b[01;35m\x1b[K\x1b]8;;https://gcc.gnu.org/onlinedocs/gcc/Warning-Options.html#index-Wunused-parameter\x07-Wunused-parameter\x1b]8;;\x07\x1b[m\x1b[K]\n'}
[5.290376] (sllidar_ros2) StderrLine: {'line': b'   56 |         virtual void onDecodingError(\x1b[01;35m\x1b[Kint errMsg\x1b[m\x1b[K, _u8 ansType, const void* payload, size_t size) {}\n'}
[5.290486] (sllidar_ros2) StderrLine: {'line': b'      |                                      \x1b[01;35m\x1b[K~~~~^~~~~~\x1b[m\x1b[K\n'}
[5.290594] (sllidar_ros2) StderrLine: {'line': b'\x1b[01m\x1b[K/home/robotics/project_deskdash/lidar_ws/src/sllidar_ros2/sdk/src/dataunpacker/unpacker/../dataunpacker.h:56:54:\x1b[m\x1b[K \x1b[01;35m\x1b[Kwarning: \x1b[m\x1b[Kunused parameter \xe2\x80\x98\x1b[01m\x1b[KansType\x1b[m\x1b[K\xe2\x80\x99 [\x1b[01;35m\x1b[K\x1b]8;;https://gcc.gnu.org/onlinedocs/gcc/Warning-Options.html#index-Wunused-parameter\x07-Wunused-parameter\x1b]8;;\x07\x1b[m\x1b[K]\n'}
[5.290733] (sllidar_ros2) StderrLine: {'line': b'   56 |         virtual void onDecodingError(int errMsg, \x1b[01;35m\x1b[K_u8 ansType\x1b[m\x1b[K, const void* payload, size_t size) {}\n'}
[5.290846] (sllidar_ros2) StderrLine: {'line': b'      |                                                  \x1b[01;35m\x1b[K~~~~^~~~~~~\x1b[m\x1b[K\n'}
[5.290961] (sllidar_ros2) StderrLine: {'line': b'\x1b[01m\x1b[K/home/robotics/project_deskdash/lidar_ws/src/sllidar_ros2/sdk/src/dataunpacker/unpacker/../dataunpacker.h:56:75:\x1b[m\x1b[K \x1b[01;35m\x1b[Kwarning: \x1b[m\x1b[Kunused parameter \xe2\x80\x98\x1b[01m\x1b[Kpayload\x1b[m\x1b[K\xe2\x80\x99 [\x1b[01;35m\x1b[K\x1b]8;;https://gcc.gnu.org/onlinedocs/gcc/Warning-Options.html#index-Wunused-parameter\x07-Wunused-parameter\x1b]8;;\x07\x1b[m\x1b[K]\n'}
[5.291087] (sllidar_ros2) StderrLine: {'line': b'   56 |         virtual void onDecodingError(int errMsg, _u8 ansType, \x1b[01;35m\x1b[Kconst void* payload\x1b[m\x1b[K, size_t size) {}\n'}
[5.291201] (sllidar_ros2) StderrLine: {'line': b'      |                                                               \x1b[01;35m\x1b[K~~~~~~~~~~~~^~~~~~~\x1b[m\x1b[K\n'}
[5.291312] (sllidar_ros2) StderrLine: {'line': b'\x1b[01m\x1b[K/home/robotics/project_deskdash/lidar_ws/src/sllidar_ros2/sdk/src/dataunpacker/unpacker/../dataunpacker.h:56:91:\x1b[m\x1b[K \x1b[01;35m\x1b[Kwarning: \x1b[m\x1b[Kunused parameter \xe2\x80\x98\x1b[01m\x1b[Ksize\x1b[m\x1b[K\xe2\x80\x99 [\x1b[01;35m\x1b[K\x1b]8;;https://gcc.gnu.org/onlinedocs/gcc/Warning-Options.html#index-Wunused-parameter\x07-Wunused-parameter\x1b]8;;\x07\x1b[m\x1b[K]\n'}
[5.291443] (sllidar_ros2) StderrLine: {'line': b'   56 |         virtual void onDecodingError(int errMsg, _u8 ansType, const void* payload, \x1b[01;35m\x1b[Ksize_t size\x1b[m\x1b[K) {}\n'}
[5.291557] (sllidar_ros2) StderrLine: {'line': b'      |                                                                                    \x1b[01;35m\x1b[K~~~~~~~^~~~\x1b[m\x1b[K\n'}
[5.328106] (-) TimerEvent: {}
[5.428886] (-) TimerEvent: {}
[5.529634] (-) TimerEvent: {}
[5.536949] (sllidar_ros2) StderrLine: {'line': b'In file included from \x1b[01m\x1b[K/home/robotics/project_deskdash/lidar_ws/src/sllidar_ros2/sdk/src/dataunpacker/unpacker/handler_normalnode.cpp:40\x1b[m\x1b[K:\n'}
[5.537839] (sllidar_ros2) StderrLine: {'line': b'\x1b[01m\x1b[K/home/robotics/project_deskdash/lidar_ws/src/sllidar_ros2/sdk/src/dataunpacker/unpacker/../dataunpacker.h:\x1b[m\x1b[K In member function \xe2\x80\x98\x1b[01m\x1b[Kvirtual void sl::internal::LIDARSampleDataListener::onCustomSampleDataDecoded(_u8, _u32, const void*, size_t)\x1b[m\x1b[K\xe2\x80\x99:\n'}
[5.538032] (sllidar_ros2) StderrLine: {'line': b'\x1b[01m\x1b[K/home/robotics/project_deskdash/lidar_ws/src/sllidar_ros2/sdk/src/dataunpacker/unpacker/../dataunpacker.h:54:52:\x1b[m\x1b[K \x1b[01;35m\x1b[Kwarning: \x1b[m\x1b[Kunused parameter \xe2\x80\x98\x1b[01m\x1b[KansType\x1b[m\x1b[K\xe2\x80\x99 [\x1b[01;35m\x1b[K\x1b]8;;https://gcc.gnu.org/onlinedocs/gcc/Warning-Options.html#index-Wunused-parameter\x07-Wunused-parameter\x1b]8;;\x07\x1b[m\x1b[K]\n'}
[5.538181] (sllidar_ros2) StderrLine: {'line': b'   54 |         virtual void onCustomSampleDataDecoded(\x1b[01;35m\x1b[K_u8 ansType\x1b[m\x1b[K, _u32 customCode, const void* data, size_t size) {}\n'}
[5.538317] (sllidar_ros2) StderrLine: {'line': b'      |                                                \x1b[01;35m\x1b[K~~~~^~~~~~~\x1b[m\x1b[K\n'}
[5.538437] (sllidar_ros2) StderrLine: {'line': b'\x1b[01m\x1b[K/home/robotics/project_deskdash/lidar_ws/src/sllidar_ros2/sdk/src/dataunpacker/unpacker/../dataunpacker.h:54:66:\x1b[m\x1b[K \x1b[01;35m\x1b[Kwarning: \x1b[m\x1b[Kunused parameter \xe2\x80\x98\x1b[01m\x1b[KcustomCode\x1b[m\x1b[K\xe2\x80\x99 [\x1b[01;35m\x1b[K\x1b]8;;https://gcc.gnu.org/onlinedocs/gcc/Warning-Options.html#index-Wunused-parameter\x07-Wunused-parameter\x1b]8;;\x07\x1b[m\x1b[K]\n'}
[5.538562] (sllidar_ros2) StderrLine: {'line': b'   54 |         virtual void onCustomSampleDataDecoded(_u8 ansType, \x1b[01;35m\x1b[K_u32 customCode\x1b[m\x1b[K, const void* data, size_t size) {}\n'}
[5.538678] (sllidar_ros2) StderrLine: {'line': b'      |                                                             \x1b[01;35m\x1b[K~~~~~^~~~~~~~~~\x1b[m\x1b[K\n'}
[5.538793] (sllidar_ros2) StderrLine: {'line': b'\x1b[01m\x1b[K/home/robotics/project_deskdash/lidar_ws/src/sllidar_ros2/sdk/src/dataunpacker/unpacker/../dataunpacker.h:54:90:\x1b[m\x1b[K \x1b[01;35m\x1b[Kwarning: \x1b[m\x1b[Kunused parameter \xe2\x80\x98\x1b[01m\x1b[Kdata\x1b[m\x1b[K\xe2\x80\x99 [\x1b[01;35m\x1b[K\x1b]8;;https://gcc.gnu.org/onlinedocs/gcc/Warning-Options.html#index-Wunused-parameter\x07-Wunused-parameter\x1b]8;;\x07\x1b[m\x1b[K]\n'}
[5.538960] (sllidar_ros2) StderrLine: {'line': b'   54 |         virtual void onCustomSampleDataDecoded(_u8 ansType, _u32 customCode, \x1b[01;35m\x1b[Kconst void* data\x1b[m\x1b[K, size_t size) {}\n'}
[5.539074] (sllidar_ros2) StderrLine: {'line': b'      |                                                                              \x1b[01;35m\x1b[K~~~~~~~~~~~~^~~~\x1b[m\x1b[K\n'}
[5.539197] (sllidar_ros2) StderrLine: {'line': b'\x1b[01m\x1b[K/home/robotics/project_deskdash/lidar_ws/src/sllidar_ros2/sdk/src/dataunpacker/unpacker/../dataunpacker.h:54:103:\x1b[m\x1b[K \x1b[01;35m\x1b[Kwarning: \x1b[m\x1b[Kunused parameter \xe2\x80\x98\x1b[01m\x1b[Ksize\x1b[m\x1b[K\xe2\x80\x99 [\x1b[01;35m\x1b[K\x1b]8;;https://gcc.gnu.org/onlinedocs/gcc/Warning-Options.html#index-Wunused-parameter\x07-Wunused-parameter\x1b]8;;\x07\x1b[m\x1b[K]\n'}
[5.539318] (sllidar_ros2) StderrLine: {'line': b'   54 |         virtual void onCustomSampleDataDecoded(_u8 ansType, _u32 customCode, const void* data, \x1b[01;35m\x1b[Ksize_t size\x1b[m\x1b[K) {}\n'}
[5.539453] (sllidar_ros2) StderrLine: {'line': b'      |                                                                                                \x1b[01;35m\x1b[K~~~~~~~^~~~\x1b[m\x1b[K\n'}
[5.539568] (sllidar_ros2) StderrLine: {'line': b'\x1b[01m\x1b[K/home/robotics/project_deskdash/lidar_ws/src/sllidar_ros2/sdk/src/dataunpacker/unpacker/../dataunpacker.h:\x1b[m\x1b[K In member function \xe2\x80\x98\x1b[01m\x1b[Kvirtual void sl::internal::LIDARSampleDataListener::onDecodingError(int, _u8, const void*, size_t)\x1b[m\x1b[K\xe2\x80\x99:\n'}
[5.539700] (sllidar_ros2) StderrLine: {'line': b'\x1b[01m\x1b[K/home/robotics/project_deskdash/lidar_ws/src/sllidar_ros2/sdk/src/dataunpacker/unpacker/../dataunpacker.h:56:42:\x1b[m\x1b[K \x1b[01;35m\x1b[Kwarning: \x1b[m\x1b[Kunused parameter \xe2\x80\x98\x1b[01m\x1b[KerrMsg\x1b[m\x1b[K\xe2\x80\x99 [\x1b[01;35m\x1b[K\x1b]8;;https://gcc.gnu.org/onlinedocs/gcc/Warning-Options.html#index-Wunused-parameter\x07-Wunused-parameter\x1b]8;;\x07\x1b[m\x1b[K]\n'}
[5.539819] (sllidar_ros2) StderrLine: {'line': b'   56 |         virtual void onDecodingError(\x1b[01;35m\x1b[Kint errMsg\x1b[m\x1b[K, _u8 ansType, const void* payload, size_t size) {}\n'}
[5.540012] (sllidar_ros2) StderrLine: {'line': b'      |                                      \x1b[01;35m\x1b[K~~~~^~~~~~\x1b[m\x1b[K\n'}
[5.540145] (sllidar_ros2) StderrLine: {'line': b'\x1b[01m\x1b[K/home/robotics/project_deskdash/lidar_ws/src/sllidar_ros2/sdk/src/dataunpacker/unpacker/../dataunpacker.h:56:54:\x1b[m\x1b[K \x1b[01;35m\x1b[Kwarning: \x1b[m\x1b[Kunused parameter \xe2\x80\x98\x1b[01m\x1b[KansType\x1b[m\x1b[K\xe2\x80\x99 [\x1b[01;35m\x1b[K\x1b]8;;https://gcc.gnu.org/onlinedocs/gcc/Warning-Options.html#index-Wunused-parameter\x07-Wunused-parameter\x1b]8;;\x07\x1b[m\x1b[K]\n'}
[5.540268] (sllidar_ros2) StderrLine: {'line': b'   56 |         virtual void onDecodingError(int errMsg, \x1b[01;35m\x1b[K_u8 ansType\x1b[m\x1b[K, const void* payload, size_t size) {}\n'}
[5.540380] (sllidar_ros2) StderrLine: {'line': b'      |                                                  \x1b[01;35m\x1b[K~~~~^~~~~~~\x1b[m\x1b[K\n'}
[5.540490] (sllidar_ros2) StderrLine: {'line': b'\x1b[01m\x1b[K/home/robotics/project_deskdash/lidar_ws/src/sllidar_ros2/sdk/src/dataunpacker/unpacker/../dataunpacker.h:56:75:\x1b[m\x1b[K \x1b[01;35m\x1b[Kwarning: \x1b[m\x1b[Kunused parameter \xe2\x80\x98\x1b[01m\x1b[Kpayload\x1b[m\x1b[K\xe2\x80\x99 [\x1b[01;35m\x1b[K\x1b]8;;https://gcc.gnu.org/onlinedocs/gcc/Warning-Options.html#index-Wunused-parameter\x07-Wunused-parameter\x1b]8;;\x07\x1b[m\x1b[K]\n'}
[5.540603] (sllidar_ros2) StderrLine: {'line': b'   56 |         virtual void onDecodingError(int errMsg, _u8 ansType, \x1b[01;35m\x1b[Kconst void* payload\x1b[m\x1b[K, size_t size) {}\n'}
[5.540712] (sllidar_ros2) StderrLine: {'line': b'      |                                                               \x1b[01;35m\x1b[K~~~~~~~~~~~~^~~~~~~\x1b[m\x1b[K\n'}
[5.540821] (sllidar_ros2) StderrLine: {'line': b'\x1b[01m\x1b[K/home/robotics/project_deskdash/lidar_ws/src/sllidar_ros2/sdk/src/dataunpacker/unpacker/../dataunpacker.h:56:91:\x1b[m\x1b[K \x1b[01;35m\x1b[Kwarning: \x1b[m\x1b[Kunused parameter \xe2\x80\x98\x1b[01m\x1b[Ksize\x1b[m\x1b[K\xe2\x80\x99 [\x1b[01;35m\x1b[K\x1b]8;;https://gcc.gnu.org/onlinedocs/gcc/Warning-Options.html#index-Wunused-parameter\x07-Wunused-parameter\x1b]8;;\x07\x1b[m\x1b[K]\n'}
[5.540932] (sllidar_ros2) StderrLine: {'line': b'   56 |         virtual void onDecodingError(int errMsg, _u8 ansType, const void* payload, \x1b[01;35m\x1b[Ksize_t size\x1b[m\x1b[K) {}\n'}
[5.541038] (sllidar_ros2) StderrLine: {'line': b'      |                                                                                    \x1b[01;35m\x1b[K~~~~~~~^~~~\x1b[m\x1b[K\n'}
[5.569720] (sllidar_ros2) StdoutLine: {'line': b'[ 55%] \x1b[32mBuilding CXX object CMakeFiles/sllidar_node.dir/sdk/src/rplidar_driver.cpp.o\x1b[0m\n'}
[5.599261] (sllidar_ros2) StderrLine: {'line': b'In file included from \x1b[01m\x1b[K/home/robotics/project_deskdash/lidar_ws/src/sllidar_ros2/./sdk/include/rplidar_protocol.h:36\x1b[m\x1b[K,\n'}
[5.599742] (sllidar_ros2) StderrLine: {'line': b'                 from \x1b[01m\x1b[K/home/robotics/project_deskdash/lidar_ws/src/sllidar_ros2/./sdk/include/rplidar.h:39\x1b[m\x1b[K,\n'}
[5.599898] (sllidar_ros2) StderrLine: {'line': b'                 from \x1b[01m\x1b[K/home/robotics/project_deskdash/lidar_ws/src/sllidar_ros2/./sdk/src/sdkcommon.h:49\x1b[m\x1b[K,\n'}
[5.600547] (sllidar_ros2) StderrLine: {'line': b'                 from \x1b[01m\x1b[K/home/robotics/project_deskdash/lidar_ws/src/sllidar_ros2/sdk/src/hal/thread.cpp:35\x1b[m\x1b[K:\n'}
[5.600719] (sllidar_ros2) StderrLine: {'line': b'\x1b[01m\x1b[K/home/robotics/project_deskdash/lidar_ws/src/sllidar_ros2/./sdk/include/sl_lidar_protocol.h:66:16:\x1b[m\x1b[K \x1b[01;35m\x1b[Kwarning: \x1b[m\x1b[KISO C++ forbids zero-size array \xe2\x80\x98\x1b[01m\x1b[Kdata\x1b[m\x1b[K\xe2\x80\x99 [\x1b[01;35m\x1b[K\x1b]8;;https://gcc.gnu.org/onlinedocs/gcc/Warning-Options.html#index-Wpedantic\x07-Wpedantic\x1b]8;;\x07\x1b[m\x1b[K]\n'}
[5.600879] (sllidar_ros2) StderrLine: {'line': b'   66 |     sl_u8 data[\x1b[01;35m\x1b[K0\x1b[m\x1b[K];\n'}
[5.601003] (sllidar_ros2) StderrLine: {'line': b'      |                \x1b[01;35m\x1b[K^\x1b[m\x1b[K\n'}
[5.601118] (sllidar_ros2) StderrLine: {'line': b'In file included from \x1b[01m\x1b[K/home/robotics/project_deskdash/lidar_ws/src/sllidar_ros2/./sdk/include/rplidar_cmd.h:36\x1b[m\x1b[K,\n'}
[5.601232] (sllidar_ros2) StderrLine: {'line': b'                 from \x1b[01m\x1b[K/home/robotics/project_deskdash/lidar_ws/src/sllidar_ros2/./sdk/include/rplidar.h:40\x1b[m\x1b[K,\n'}
[5.601380] (sllidar_ros2) StderrLine: {'line': b'                 from \x1b[01m\x1b[K/home/robotics/project_deskdash/lidar_ws/src/sllidar_ros2/./sdk/src/sdkcommon.h:49\x1b[m\x1b[K,\n'}
[5.601501] (sllidar_ros2) StderrLine: {'line': b'                 from \x1b[01m\x1b[K/home/robotics/project_deskdash/lidar_ws/src/sllidar_ros2/sdk/src/hal/thread.cpp:35\x1b[m\x1b[K:\n'}
[5.601611] (sllidar_ros2) StderrLine: {'line': b'\x1b[01m\x1b[K/home/robotics/project_deskdash/lidar_ws/src/sllidar_ros2/./sdk/include/sl_lidar_cmd.h:324:20:\x1b[m\x1b[K \x1b[01;35m\x1b[Kwarning: \x1b[m\x1b[KISO C++ forbids zero-size array \xe2\x80\x98\x1b[01m\x1b[Kpayload\x1b[m\x1b[K\xe2\x80\x99 [\x1b[01;35m\x1b[K\x1b]8;;https://gcc.gnu.org/onlinedocs/gcc/Warning-Options.html#index-Wpedantic\x07-Wpedantic\x1b]8;;\x07\x1b[m\x1b[K]\n'}
[5.601753] (sllidar_ros2) StderrLine: {'line': b'  324 |     sl_u8  payload[\x1b[01;35m\x1b[K0\x1b[m\x1b[K];\n'}
[5.601869] (sllidar_ros2) StderrLine: {'line': b'      |                    \x1b[01;35m\x1b[K^\x1b[m\x1b[K\n'}
[5.629821] (-) TimerEvent: {}
[5.668184] (sllidar_ros2) StdoutLine: {'line': b'[ 60%] \x1b[32mBuilding CXX object CMakeFiles/sllidar_node.dir/sdk/src/sl_async_transceiver.cpp.o\x1b[0m\n'}
[5.703223] (sllidar_ros2) StderrLine: {'line': b'In file included from \x1b[01m\x1b[K/home/robotics/project_deskdash/lidar_ws/src/sllidar_ros2/sdk/src/hal/thread.cpp:43\x1b[m\x1b[K:\n'}
[5.704003] (sllidar_ros2) StderrLine: {'line': b'\x1b[01m\x1b[K/home/robotics/project_deskdash/lidar_ws/src/sllidar_ros2/./sdk/src/arch/linux/thread.hpp:\x1b[m\x1b[K In static member function \xe2\x80\x98\x1b[01m\x1b[Kstatic rp::hal::Thread rp::hal::Thread::create(thread_proc_t, void*)\x1b[m\x1b[K\xe2\x80\x99:\n'}
[5.704254] (sllidar_ros2) StderrLine: {'line': b'\x1b[01m\x1b[K/home/robotics/project_deskdash/lidar_ws/src/sllidar_ros2/./sdk/src/arch/linux/thread.hpp:52:57:\x1b[m\x1b[K \x1b[01;35m\x1b[Kwarning: \x1b[m\x1b[Kcast between incompatible function types from \xe2\x80\x98\x1b[01m\x1b[Kthread_proc_t\x1b[m\x1b[K\xe2\x80\x99 {aka \xe2\x80\x98\x1b[01m\x1b[Klong unsigned int (*)(void*)\x1b[m\x1b[K\xe2\x80\x99} to \xe2\x80\x98\x1b[01m\x1b[Kvoid* (*)(void*)\x1b[m\x1b[K\xe2\x80\x99 [\x1b[01;35m\x1b[K\x1b]8;;https://gcc.gnu.org/onlinedocs/gcc/Warning-Options.html#index-Wcast-function-type\x07-Wcast-function-type\x1b]8;;\x07\x1b[m\x1b[K]\n'}
[5.704430] (sllidar_ros2) StderrLine: {'line': b'   52 |     pthread_create((pthread_t *)&newborn._handle, NULL, \x1b[01;35m\x1b[K(void * (*)(void *))proc\x1b[m\x1b[K, data);\n'}
[5.704576] (sllidar_ros2) StderrLine: {'line': b'      |                                                         \x1b[01;35m\x1b[K^~~~~~~~~~~~~~~~~~~~~~~~\x1b[m\x1b[K\n'}
[5.705257] (sllidar_ros2) StderrLine: {'line': b'\x1b[01m\x1b[K/home/robotics/project_deskdash/lidar_ws/src/sllidar_ros2/./sdk/src/arch/linux/thread.hpp:\x1b[m\x1b[K In member function \xe2\x80\x98\x1b[01m\x1b[Ku_result rp::hal::Thread::join(long unsigned int)\x1b[m\x1b[K\xe2\x80\x99:\n'}
[5.705667] (sllidar_ros2) StderrLine: {'line': b'\x1b[01m\x1b[K/home/robotics/project_deskdash/lidar_ws/src/sllidar_ros2/./sdk/src/arch/linux/thread.hpp:176:37:\x1b[m\x1b[K \x1b[01;35m\x1b[Kwarning: \x1b[m\x1b[Kunused parameter \xe2\x80\x98\x1b[01m\x1b[Ktimeout\x1b[m\x1b[K\xe2\x80\x99 [\x1b[01;35m\x1b[K\x1b]8;;https://gcc.gnu.org/onlinedocs/gcc/Warning-Options.html#index-Wunused-parameter\x07-Wunused-parameter\x1b]8;;\x07\x1b[m\x1b[K]\n'}
[5.705831] (sllidar_ros2) StderrLine: {'line': b'  176 | u_result Thread::join(\x1b[01;35m\x1b[Kunsigned long timeout\x1b[m\x1b[K)\n'}
[5.705960] (sllidar_ros2) StderrLine: {'line': b'      |                       \x1b[01;35m\x1b[K~~~~~~~~~~~~~~^~~~~~~\x1b[m\x1b[K\n'}
[5.730006] (-) TimerEvent: {}
[5.814433] (sllidar_ros2) StdoutLine: {'line': b'[ 65%] \x1b[32mBuilding CXX object CMakeFiles/sllidar_node.dir/sdk/src/sl_crc.cpp.o\x1b[0m\n'}
[5.830201] (-) TimerEvent: {}
[5.850544] (sllidar_ros2) StderrLine: {'line': b'In file included from \x1b[01m\x1b[K/home/robotics/project_deskdash/lidar_ws/src/sllidar_ros2/./sdk/include/sl_lidar_cmd.h:41\x1b[m\x1b[K,\n'}
[5.851103] (sllidar_ros2) StderrLine: {'line': b'                 from \x1b[01m\x1b[K/home/robotics/project_deskdash/lidar_ws/src/sllidar_ros2/./sdk/include/sl_crc.h:36\x1b[m\x1b[K,\n'}
[5.851467] (sllidar_ros2) StderrLine: {'line': b'                 from \x1b[01m\x1b[K/home/robotics/project_deskdash/lidar_ws/src/sllidar_ros2/sdk/src/sl_crc.cpp:33\x1b[m\x1b[K:\n'}
[5.851631] (sllidar_ros2) StderrLine: {'line': b'\x1b[01m\x1b[K/home/robotics/project_deskdash/lidar_ws/src/sllidar_ros2/./sdk/include/sl_lidar_protocol.h:66:16:\x1b[m\x1b[K \x1b[01;35m\x1b[Kwarning: \x1b[m\x1b[KISO C++ forbids zero-size array \xe2\x80\x98\x1b[01m\x1b[Kdata\x1b[m\x1b[K\xe2\x80\x99 [\x1b[01;35m\x1b[K\x1b]8;;https://gcc.gnu.org/onlinedocs/gcc/Warning-Options.html#index-Wpedantic\x07-Wpedantic\x1b]8;;\x07\x1b[m\x1b[K]\n'}
[5.851793] (sllidar_ros2) StderrLine: {'line': b'   66 |     sl_u8 data[\x1b[01;35m\x1b[K0\x1b[m\x1b[K];\n'}
[5.851925] (sllidar_ros2) StderrLine: {'line': b'      |                \x1b[01;35m\x1b[K^\x1b[m\x1b[K\n'}
[5.852048] (sllidar_ros2) StderrLine: {'line': b'In file included from \x1b[01m\x1b[K/home/robotics/project_deskdash/lidar_ws/src/sllidar_ros2/./sdk/include/sl_crc.h:36\x1b[m\x1b[K,\n'}
[5.852166] (sllidar_ros2) StderrLine: {'line': b'                 from \x1b[01m\x1b[K/home/robotics/project_deskdash/lidar_ws/src/sllidar_ros2/sdk/src/sl_crc.cpp:33\x1b[m\x1b[K:\n'}
[5.852280] (sllidar_ros2) StderrLine: {'line': b'\x1b[01m\x1b[K/home/robotics/project_deskdash/lidar_ws/src/sllidar_ros2/./sdk/include/sl_lidar_cmd.h:324:20:\x1b[m\x1b[K \x1b[01;35m\x1b[Kwarning: \x1b[m\x1b[KISO C++ forbids zero-size array \xe2\x80\x98\x1b[01m\x1b[Kpayload\x1b[m\x1b[K\xe2\x80\x99 [\x1b[01;35m\x1b[K\x1b]8;;https://gcc.gnu.org/onlinedocs/gcc/Warning-Options.html#index-Wpedantic\x07-Wpedantic\x1b]8;;\x07\x1b[m\x1b[K]\n'}
[5.852449] (sllidar_ros2) StderrLine: {'line': b'  324 |     sl_u8  payload[\x1b[01;35m\x1b[K0\x1b[m\x1b[K];\n'}
[5.852568] (sllidar_ros2) StderrLine: {'line': b'      |                    \x1b[01;35m\x1b[K^\x1b[m\x1b[K\n'}
[5.891466] (sllidar_ros2) StdoutLine: {'line': b'[ 70%] \x1b[32mBuilding CXX object CMakeFiles/sllidar_node.dir/sdk/src/sl_lidar_driver.cpp.o\x1b[0m\n'}
[5.912281] (sllidar_ros2) StdoutLine: {'line': b'[ 75%] \x1b[32mBuilding CXX object CMakeFiles/sllidar_node.dir/sdk/src/sl_lidarprotocol_codec.cpp.o\x1b[0m\n'}
[5.930388] (-) TimerEvent: {}
[6.031113] (-) TimerEvent: {}
[6.131817] (-) TimerEvent: {}
[6.232549] (-) TimerEvent: {}
[6.333348] (-) TimerEvent: {}
[6.369470] (sllidar_ros2) StderrLine: {'line': b'In file included from \x1b[01m\x1b[K/home/robotics/project_deskdash/lidar_ws/src/sllidar_ros2/./sdk/include/rplidar_protocol.h:36\x1b[m\x1b[K,\n'}
[6.370392] (sllidar_ros2) StderrLine: {'line': b'                 from \x1b[01m\x1b[K/home/robotics/project_deskdash/lidar_ws/src/sllidar_ros2/./sdk/include/rplidar.h:39\x1b[m\x1b[K,\n'}
[6.370692] (sllidar_ros2) StderrLine: {'line': b'                 from \x1b[01m\x1b[K/home/robotics/project_deskdash/lidar_ws/src/sllidar_ros2/sdk/src/sdkcommon.h:49\x1b[m\x1b[K,\n'}
[6.371157] (sllidar_ros2) StderrLine: {'line': b'                 from \x1b[01m\x1b[K/home/robotics/project_deskdash/lidar_ws/src/sllidar_ros2/sdk/src/rplidar_driver.cpp:33\x1b[m\x1b[K:\n'}
[6.371587] (sllidar_ros2) StderrLine: {'line': b'\x1b[01m\x1b[K/home/robotics/project_deskdash/lidar_ws/src/sllidar_ros2/./sdk/include/sl_lidar_protocol.h:66:16:\x1b[m\x1b[K \x1b[01;35m\x1b[Kwarning: \x1b[m\x1b[KISO C++ forbids zero-size array \xe2\x80\x98\x1b[01m\x1b[Kdata\x1b[m\x1b[K\xe2\x80\x99 [\x1b[01;35m\x1b[K\x1b]8;;https://gcc.gnu.org/onlinedocs/gcc/Warning-Options.html#index-Wpedantic\x07-Wpedantic\x1b]8;;\x07\x1b[m\x1b[K]\n'}
[6.371900] (sllidar_ros2) StderrLine: {'line': b'   66 |     sl_u8 data[\x1b[01;35m\x1b[K0\x1b[m\x1b[K];\n'}
[6.372178] (sllidar_ros2) StderrLine: {'line': b'      |                \x1b[01;35m\x1b[K^\x1b[m\x1b[K\n'}
[6.372401] (sllidar_ros2) StderrLine: {'line': b'In file included from \x1b[01m\x1b[K/home/robotics/project_deskdash/lidar_ws/src/sllidar_ros2/./sdk/include/rplidar_cmd.h:36\x1b[m\x1b[K,\n'}
[6.372630] (sllidar_ros2) StderrLine: {'line': b'                 from \x1b[01m\x1b[K/home/robotics/project_deskdash/lidar_ws/src/sllidar_ros2/./sdk/include/rplidar.h:40\x1b[m\x1b[K,\n'}
[6.372851] (sllidar_ros2) StderrLine: {'line': b'                 from \x1b[01m\x1b[K/home/robotics/project_deskdash/lidar_ws/src/sllidar_ros2/sdk/src/sdkcommon.h:49\x1b[m\x1b[K,\n'}
[6.373175] (sllidar_ros2) StderrLine: {'line': b'                 from \x1b[01m\x1b[K/home/robotics/project_deskdash/lidar_ws/src/sllidar_ros2/sdk/src/rplidar_driver.cpp:33\x1b[m\x1b[K:\n'}
[6.373735] (sllidar_ros2) StderrLine: {'line': b'\x1b[01m\x1b[K/home/robotics/project_deskdash/lidar_ws/src/sllidar_ros2/./sdk/include/sl_lidar_cmd.h:324:20:\x1b[m\x1b[K \x1b[01;35m\x1b[Kwarning: \x1b[m\x1b[KISO C++ forbids zero-size array \xe2\x80\x98\x1b[01m\x1b[Kpayload\x1b[m\x1b[K\xe2\x80\x99 [\x1b[01;35m\x1b[K\x1b]8;;https://gcc.gnu.org/onlinedocs/gcc/Warning-Options.html#index-Wpedantic\x07-Wpedantic\x1b]8;;\x07\x1b[m\x1b[K]\n'}
[6.374125] (sllidar_ros2) StderrLine: {'line': b'  324 |     sl_u8  payload[\x1b[01;35m\x1b[K0\x1b[m\x1b[K];\n'}
[6.374338] (sllidar_ros2) StderrLine: {'line': b'      |                    \x1b[01;35m\x1b[K^\x1b[m\x1b[K\n'}
[6.433552] (-) TimerEvent: {}
[6.534347] (-) TimerEvent: {}
[6.635131] (-) TimerEvent: {}
[6.714669] (sllidar_ros2) StderrLine: {'line': b'\x1b[01m\x1b[K/home/robotics/project_deskdash/lidar_ws/src/sllidar_ros2/sdk/src/rplidar_driver.cpp:\x1b[m\x1b[K In member function \xe2\x80\x98\x1b[01m\x1b[Ku_result rp::standalone::rplidar::RPlidarDriver::connect(const char*, _u32, _u32)\x1b[m\x1b[K\xe2\x80\x99:\n'}
[6.715240] (sllidar_ros2) StderrLine: {'line': b'\x1b[01m\x1b[K/home/robotics/project_deskdash/lidar_ws/src/sllidar_ros2/sdk/src/rplidar_driver.cpp:67:77:\x1b[m\x1b[K \x1b[01;35m\x1b[Kwarning: \x1b[m\x1b[Kunused parameter \xe2\x80\x98\x1b[01m\x1b[Kflag\x1b[m\x1b[K\xe2\x80\x99 [\x1b[01;35m\x1b[K\x1b]8;;https://gcc.gnu.org/onlinedocs/gcc/Warning-Options.html#index-Wunused-parameter\x07-Wunused-parameter\x1b]8;;\x07\x1b[m\x1b[K]\n'}
[6.715464] (sllidar_ros2) StderrLine: {'line': b'   67 |     u_result RPlidarDriver::connect(const char *path, _u32 portOrBaud, \x1b[01;35m\x1b[K_u32 flag\x1b[m\x1b[K)\n'}
[6.715619] (sllidar_ros2) StderrLine: {'line': b'      |                                                                        \x1b[01;35m\x1b[K~~~~~^~~~\x1b[m\x1b[K\n'}
[6.721028] (sllidar_ros2) StderrLine: {'line': b'\x1b[01m\x1b[K/home/robotics/project_deskdash/lidar_ws/src/sllidar_ros2/sdk/src/rplidar_driver.cpp:\x1b[m\x1b[K In member function \xe2\x80\x98\x1b[01m\x1b[Ku_result rp::standalone::rplidar::RPlidarDriver::reset(_u32)\x1b[m\x1b[K\xe2\x80\x99:\n'}
[6.721604] (sllidar_ros2) StderrLine: {'line': b'\x1b[01m\x1b[K/home/robotics/project_deskdash/lidar_ws/src/sllidar_ros2/sdk/src/rplidar_driver.cpp:101:40:\x1b[m\x1b[K \x1b[01;35m\x1b[Kwarning: \x1b[m\x1b[Kunused parameter \xe2\x80\x98\x1b[01m\x1b[Ktimeout\x1b[m\x1b[K\xe2\x80\x99 [\x1b[01;35m\x1b[K\x1b]8;;https://gcc.gnu.org/onlinedocs/gcc/Warning-Options.html#index-Wunused-parameter\x07-Wunused-parameter\x1b]8;;\x07\x1b[m\x1b[K]\n'}
[6.721841] (sllidar_ros2) StderrLine: {'line': b'  101 |     u_result RPlidarDriver::reset(\x1b[01;35m\x1b[K_u32 timeout\x1b[m\x1b[K)\n'}
[6.721981] (sllidar_ros2) StderrLine: {'line': b'      |                                   \x1b[01;35m\x1b[K~~~~~^~~~~~~\x1b[m\x1b[K\n'}
[6.722101] (sllidar_ros2) StderrLine: {'line': b'\x1b[01m\x1b[K/home/robotics/project_deskdash/lidar_ws/src/sllidar_ros2/sdk/src/rplidar_driver.cpp:\x1b[m\x1b[K In member function \xe2\x80\x98\x1b[01m\x1b[Ku_result rp::standalone::rplidar::RPlidarDriver::getScanDataWithInterval(rplidar_response_measurement_node_t*, size_t&)\x1b[m\x1b[K\xe2\x80\x99:\n'}
[6.722226] (sllidar_ros2) StderrLine: {'line': b'\x1b[01m\x1b[K/home/robotics/project_deskdash/lidar_ws/src/sllidar_ros2/sdk/src/rplidar_driver.cpp:180:91:\x1b[m\x1b[K \x1b[01;35m\x1b[Kwarning: \x1b[m\x1b[Kunused parameter \xe2\x80\x98\x1b[01m\x1b[Knodebuffer\x1b[m\x1b[K\xe2\x80\x99 [\x1b[01;35m\x1b[K\x1b]8;;https://gcc.gnu.org/onlinedocs/gcc/Warning-Options.html#index-Wunused-parameter\x07-Wunused-parameter\x1b]8;;\x07\x1b[m\x1b[K]\n'}
[6.722348] (sllidar_ros2) StderrLine: {'line': b'  180 |     u_result RPlidarDriver::getScanDataWithInterval(\x1b[01;35m\x1b[Krplidar_response_measurement_node_t * nodebuffer\x1b[m\x1b[K, size_t & count)\n'}
[6.722469] (sllidar_ros2) StderrLine: {'line': b'      |                                                     \x1b[01;35m\x1b[K~~~~~~~~~~~~~~~~~~~~~~~~~~~~~~~~~~~~~~^~~~~~~~~~\x1b[m\x1b[K\n'}
[6.722613] (sllidar_ros2) StderrLine: {'line': b'\x1b[01m\x1b[K/home/robotics/project_deskdash/lidar_ws/src/sllidar_ros2/sdk/src/rplidar_driver.cpp:180:112:\x1b[m\x1b[K \x1b[01;35m\x1b[Kwarning: \x1b[m\x1b[Kunused parameter \xe2\x80\x98\x1b[01m\x1b[Kcount\x1b[m\x1b[K\xe2\x80\x99 [\x1b[01;35m\x1b[K\x1b]8;;https://gcc.gnu.org/onlinedocs/gcc/Warning-Options.html#index-Wunused-parameter\x07-Wunused-parameter\x1b]8;;\x07\x1b[m\x1b[K]\n'}
[6.722734] (sllidar_ros2) StderrLine: {'line': b'  180 |     u_result RPlidarDriver::getScanDataWithInterval(rplidar_response_measurement_node_t * nodebuffer, \x1b[01;35m\x1b[Ksize_t & count\x1b[m\x1b[K)\n'}
[6.722997] (sllidar_ros2) StderrLine: {'line': b'      |                                                                                                       \x1b[01;35m\x1b[K~~~~~~~~~^~~~~\x1b[m\x1b[K\n'}
[6.724485] (sllidar_ros2) StderrLine: {'line': b'In file included from \x1b[01m\x1b[K/home/robotics/project_deskdash/lidar_ws/src/sllidar_ros2/./sdk/include/rplidar_protocol.h:36\x1b[m\x1b[K,\n'}
[6.724944] (sllidar_ros2) StderrLine: {'line': b'                 from \x1b[01m\x1b[K/home/robotics/project_deskdash/lidar_ws/src/sllidar_ros2/./sdk/include/rplidar.h:39\x1b[m\x1b[K,\n'}
[6.725097] (sllidar_ros2) StderrLine: {'line': b'                 from \x1b[01m\x1b[K/home/robotics/project_deskdash/lidar_ws/src/sllidar_ros2/sdk/src/sdkcommon.h:49\x1b[m\x1b[K,\n'}
[6.725221] (sllidar_ros2) StderrLine: {'line': b'                 from \x1b[01m\x1b[K/home/robotics/project_deskdash/lidar_ws/src/sllidar_ros2/sdk/src/sl_async_transceiver.cpp:35\x1b[m\x1b[K:\n'}
[6.725354] (sllidar_ros2) StderrLine: {'line': b'\x1b[01m\x1b[K/home/robotics/project_deskdash/lidar_ws/src/sllidar_ros2/./sdk/include/sl_lidar_protocol.h:66:16:\x1b[m\x1b[K \x1b[01;35m\x1b[Kwarning: \x1b[m\x1b[KISO C++ forbids zero-size array \xe2\x80\x98\x1b[01m\x1b[Kdata\x1b[m\x1b[K\xe2\x80\x99 [\x1b[01;35m\x1b[K\x1b]8;;https://gcc.gnu.org/onlinedocs/gcc/Warning-Options.html#index-Wpedantic\x07-Wpedantic\x1b]8;;\x07\x1b[m\x1b[K]\n'}
[6.725486] (sllidar_ros2) StderrLine: {'line': b'   66 |     sl_u8 data[\x1b[01;35m\x1b[K0\x1b[m\x1b[K];\n'}
[6.725598] (sllidar_ros2) StderrLine: {'line': b'      |                \x1b[01;35m\x1b[K^\x1b[m\x1b[K\n'}
[6.725907] (sllidar_ros2) StderrLine: {'line': b'In file included from \x1b[01m\x1b[K/home/robotics/project_deskdash/lidar_ws/src/sllidar_ros2/./sdk/include/rplidar_cmd.h:36\x1b[m\x1b[K,\n'}
[6.726267] (sllidar_ros2) StderrLine: {'line': b'                 from \x1b[01m\x1b[K/home/robotics/project_deskdash/lidar_ws/src/sllidar_ros2/./sdk/include/rplidar.h:40\x1b[m\x1b[K,\n'}
[6.726408] (sllidar_ros2) StderrLine: {'line': b'                 from \x1b[01m\x1b[K/home/robotics/project_deskdash/lidar_ws/src/sllidar_ros2/sdk/src/sdkcommon.h:49\x1b[m\x1b[K,\n'}
[6.726530] (sllidar_ros2) StderrLine: {'line': b'                 from \x1b[01m\x1b[K/home/robotics/project_deskdash/lidar_ws/src/sllidar_ros2/sdk/src/sl_async_transceiver.cpp:35\x1b[m\x1b[K:\n'}
[6.726644] (sllidar_ros2) StderrLine: {'line': b'\x1b[01m\x1b[K/home/robotics/project_deskdash/lidar_ws/src/sllidar_ros2/./sdk/include/sl_lidar_cmd.h:324:20:\x1b[m\x1b[K \x1b[01;35m\x1b[Kwarning: \x1b[m\x1b[KISO C++ forbids zero-size array \xe2\x80\x98\x1b[01m\x1b[Kpayload\x1b[m\x1b[K\xe2\x80\x99 [\x1b[01;35m\x1b[K\x1b]8;;https://gcc.gnu.org/onlinedocs/gcc/Warning-Options.html#index-Wpedantic\x07-Wpedantic\x1b]8;;\x07\x1b[m\x1b[K]\n'}
[6.726766] (sllidar_ros2) StderrLine: {'line': b'  324 |     sl_u8  payload[\x1b[01;35m\x1b[K0\x1b[m\x1b[K];\n'}
[6.726878] (sllidar_ros2) StderrLine: {'line': b'      |                    \x1b[01;35m\x1b[K^\x1b[m\x1b[K\n'}
[6.735340] (-) TimerEvent: {}
[6.837508] (-) TimerEvent: {}
[6.937723] (sllidar_ros2) StderrLine: {'line': b'In file included from \x1b[01m\x1b[K/home/robotics/project_deskdash/lidar_ws/src/sllidar_ros2/./sdk/include/rplidar_protocol.h:36\x1b[m\x1b[K,\n'}
[6.938183] (-) TimerEvent: {}
[6.938738] (sllidar_ros2) StderrLine: {'line': b'                 from \x1b[01m\x1b[K/home/robotics/project_deskdash/lidar_ws/src/sllidar_ros2/./sdk/include/rplidar.h:39\x1b[m\x1b[K,\n'}
[6.938964] (sllidar_ros2) StderrLine: {'line': b'                 from \x1b[01m\x1b[K/home/robotics/project_deskdash/lidar_ws/src/sllidar_ros2/sdk/src/sdkcommon.h:49\x1b[m\x1b[K,\n'}
[6.939106] (sllidar_ros2) StderrLine: {'line': b'                 from \x1b[01m\x1b[K/home/robotics/project_deskdash/lidar_ws/src/sllidar_ros2/sdk/src/sl_lidarprotocol_codec.cpp:35\x1b[m\x1b[K:\n'}
[6.939233] (sllidar_ros2) StderrLine: {'line': b'\x1b[01m\x1b[K/home/robotics/project_deskdash/lidar_ws/src/sllidar_ros2/./sdk/include/sl_lidar_protocol.h:66:16:\x1b[m\x1b[K \x1b[01;35m\x1b[Kwarning: \x1b[m\x1b[KISO C++ forbids zero-size array \xe2\x80\x98\x1b[01m\x1b[Kdata\x1b[m\x1b[K\xe2\x80\x99 [\x1b[01;35m\x1b[K\x1b]8;;https://gcc.gnu.org/onlinedocs/gcc/Warning-Options.html#index-Wpedantic\x07-Wpedantic\x1b]8;;\x07\x1b[m\x1b[K]\n'}
[6.939365] (sllidar_ros2) StderrLine: {'line': b'   66 |     sl_u8 data[\x1b[01;35m\x1b[K0\x1b[m\x1b[K];\n'}
[6.939481] (sllidar_ros2) StderrLine: {'line': b'      |                \x1b[01;35m\x1b[K^\x1b[m\x1b[K\n'}
[6.939592] (sllidar_ros2) StderrLine: {'line': b'In file included from \x1b[01m\x1b[K/home/robotics/project_deskdash/lidar_ws/src/sllidar_ros2/./sdk/include/rplidar_cmd.h:36\x1b[m\x1b[K,\n'}
[6.939703] (sllidar_ros2) StderrLine: {'line': b'                 from \x1b[01m\x1b[K/home/robotics/project_deskdash/lidar_ws/src/sllidar_ros2/./sdk/include/rplidar.h:40\x1b[m\x1b[K,\n'}
[6.939813] (sllidar_ros2) StderrLine: {'line': b'                 from \x1b[01m\x1b[K/home/robotics/project_deskdash/lidar_ws/src/sllidar_ros2/sdk/src/sdkcommon.h:49\x1b[m\x1b[K,\n'}
[6.939923] (sllidar_ros2) StderrLine: {'line': b'                 from \x1b[01m\x1b[K/home/robotics/project_deskdash/lidar_ws/src/sllidar_ros2/sdk/src/sl_lidarprotocol_codec.cpp:35\x1b[m\x1b[K:\n'}
[6.940032] (sllidar_ros2) StderrLine: {'line': b'\x1b[01m\x1b[K/home/robotics/project_deskdash/lidar_ws/src/sllidar_ros2/./sdk/include/sl_lidar_cmd.h:324:20:\x1b[m\x1b[K \x1b[01;35m\x1b[Kwarning: \x1b[m\x1b[KISO C++ forbids zero-size array \xe2\x80\x98\x1b[01m\x1b[Kpayload\x1b[m\x1b[K\xe2\x80\x99 [\x1b[01;35m\x1b[K\x1b]8;;https://gcc.gnu.org/onlinedocs/gcc/Warning-Options.html#index-Wpedantic\x07-Wpedantic\x1b]8;;\x07\x1b[m\x1b[K]\n'}
[6.940200] (sllidar_ros2) StderrLine: {'line': b'  324 |     sl_u8  payload[\x1b[01;35m\x1b[K0\x1b[m\x1b[K];\n'}
[6.940333] (sllidar_ros2) StderrLine: {'line': b'      |                    \x1b[01;35m\x1b[K^\x1b[m\x1b[K\n'}
[6.962522] (sllidar_ros2) StderrLine: {'line': b'In file included from \x1b[01m\x1b[K/home/robotics/project_deskdash/lidar_ws/src/sllidar_ros2/./sdk/include/rplidar_protocol.h:36\x1b[m\x1b[K,\n'}
[6.962989] (sllidar_ros2) StderrLine: {'line': b'                 from \x1b[01m\x1b[K/home/robotics/project_deskdash/lidar_ws/src/sllidar_ros2/./sdk/include/rplidar.h:39\x1b[m\x1b[K,\n'}
[6.963309] (sllidar_ros2) StderrLine: {'line': b'                 from \x1b[01m\x1b[K/home/robotics/project_deskdash/lidar_ws/src/sllidar_ros2/sdk/src/sdkcommon.h:49\x1b[m\x1b[K,\n'}
[6.963488] (sllidar_ros2) StderrLine: {'line': b'                 from \x1b[01m\x1b[K/home/robotics/project_deskdash/lidar_ws/src/sllidar_ros2/sdk/src/sl_lidar_driver.cpp:33\x1b[m\x1b[K:\n'}
[6.963621] (sllidar_ros2) StderrLine: {'line': b'\x1b[01m\x1b[K/home/robotics/project_deskdash/lidar_ws/src/sllidar_ros2/./sdk/include/sl_lidar_protocol.h:66:16:\x1b[m\x1b[K \x1b[01;35m\x1b[Kwarning: \x1b[m\x1b[KISO C++ forbids zero-size array \xe2\x80\x98\x1b[01m\x1b[Kdata\x1b[m\x1b[K\xe2\x80\x99 [\x1b[01;35m\x1b[K\x1b]8;;https://gcc.gnu.org/onlinedocs/gcc/Warning-Options.html#index-Wpedantic\x07-Wpedantic\x1b]8;;\x07\x1b[m\x1b[K]\n'}
[6.963756] (sllidar_ros2) StderrLine: {'line': b'   66 |     sl_u8 data[\x1b[01;35m\x1b[K0\x1b[m\x1b[K];\n'}
[6.963876] (sllidar_ros2) StderrLine: {'line': b'      |                \x1b[01;35m\x1b[K^\x1b[m\x1b[K\n'}
[6.963992] (sllidar_ros2) StderrLine: {'line': b'In file included from \x1b[01m\x1b[K/home/robotics/project_deskdash/lidar_ws/src/sllidar_ros2/./sdk/include/rplidar_cmd.h:36\x1b[m\x1b[K,\n'}
[6.964105] (sllidar_ros2) StderrLine: {'line': b'                 from \x1b[01m\x1b[K/home/robotics/project_deskdash/lidar_ws/src/sllidar_ros2/./sdk/include/rplidar.h:40\x1b[m\x1b[K,\n'}
[6.964217] (sllidar_ros2) StderrLine: {'line': b'                 from \x1b[01m\x1b[K/home/robotics/project_deskdash/lidar_ws/src/sllidar_ros2/sdk/src/sdkcommon.h:49\x1b[m\x1b[K,\n'}
[6.964324] (sllidar_ros2) StderrLine: {'line': b'                 from \x1b[01m\x1b[K/home/robotics/project_deskdash/lidar_ws/src/sllidar_ros2/sdk/src/sl_lidar_driver.cpp:33\x1b[m\x1b[K:\n'}
[6.964433] (sllidar_ros2) StderrLine: {'line': b'\x1b[01m\x1b[K/home/robotics/project_deskdash/lidar_ws/src/sllidar_ros2/./sdk/include/sl_lidar_cmd.h:324:20:\x1b[m\x1b[K \x1b[01;35m\x1b[Kwarning: \x1b[m\x1b[KISO C++ forbids zero-size array \xe2\x80\x98\x1b[01m\x1b[Kpayload\x1b[m\x1b[K\xe2\x80\x99 [\x1b[01;35m\x1b[K\x1b]8;;https://gcc.gnu.org/onlinedocs/gcc/Warning-Options.html#index-Wpedantic\x07-Wpedantic\x1b]8;;\x07\x1b[m\x1b[K]\n'}
[6.964553] (sllidar_ros2) StderrLine: {'line': b'  324 |     sl_u8  payload[\x1b[01;35m\x1b[K0\x1b[m\x1b[K];\n'}
[6.964663] (sllidar_ros2) StderrLine: {'line': b'      |                    \x1b[01;35m\x1b[K^\x1b[m\x1b[K\n'}
[6.985859] (sllidar_ros2) StdoutLine: {'line': b'[ 80%] \x1b[32mBuilding CXX object CMakeFiles/sllidar_node.dir/sdk/src/sl_serial_channel.cpp.o\x1b[0m\n'}
[7.017836] (sllidar_ros2) StderrLine: {'line': b'In file included from \x1b[01m\x1b[K/home/robotics/project_deskdash/lidar_ws/src/sllidar_ros2/sdk/src/sl_async_transceiver.cpp:44\x1b[m\x1b[K:\n'}
[7.018322] (sllidar_ros2) StderrLine: {'line': b'\x1b[01m\x1b[K/home/robotics/project_deskdash/lidar_ws/src/sllidar_ros2/sdk/src/sl_async_transceiver.h:\x1b[m\x1b[K In member function \xe2\x80\x98\x1b[01m\x1b[Kvirtual void sl::internal::IAsyncProtocolCodec::onChannelError(u_result)\x1b[m\x1b[K\xe2\x80\x99:\n'}
[7.018496] (sllidar_ros2) StderrLine: {'line': b'\x1b[01m\x1b[K/home/robotics/project_deskdash/lidar_ws/src/sllidar_ros2/sdk/src/sl_async_transceiver.h:90:48:\x1b[m\x1b[K \x1b[01;35m\x1b[Kwarning: \x1b[m\x1b[Kunused parameter \xe2\x80\x98\x1b[01m\x1b[KerrCode\x1b[m\x1b[K\xe2\x80\x99 [\x1b[01;35m\x1b[K\x1b]8;;https://gcc.gnu.org/onlinedocs/gcc/Warning-Options.html#index-Wunused-parameter\x07-Wunused-parameter\x1b]8;;\x07\x1b[m\x1b[K]\n'}
[7.018645] (sllidar_ros2) StderrLine: {'line': b'   90 |         virtual void   onChannelError(\x1b[01;35m\x1b[Ku_result errCode\x1b[m\x1b[K) {}\n'}
[7.018818] (sllidar_ros2) StderrLine: {'line': b'      |                                       \x1b[01;35m\x1b[K~~~~~~~~~^~~~~~~\x1b[m\x1b[K\n'}
[7.038425] (-) TimerEvent: {}
[7.139441] (-) TimerEvent: {}
[7.240527] (-) TimerEvent: {}
[7.334854] (sllidar_ros2) StderrLine: {'line': b'In file included from \x1b[01m\x1b[K/home/robotics/project_deskdash/lidar_ws/src/sllidar_ros2/sdk/src/sl_lidarprotocol_codec.cpp:49\x1b[m\x1b[K:\n'}
[7.335364] (sllidar_ros2) StderrLine: {'line': b'\x1b[01m\x1b[K/home/robotics/project_deskdash/lidar_ws/src/sllidar_ros2/sdk/src/sl_async_transceiver.h:\x1b[m\x1b[K In member function \xe2\x80\x98\x1b[01m\x1b[Kvirtual void sl::internal::IAsyncProtocolCodec::onChannelError(u_result)\x1b[m\x1b[K\xe2\x80\x99:\n'}
[7.335534] (sllidar_ros2) StderrLine: {'line': b'\x1b[01m\x1b[K/home/robotics/project_deskdash/lidar_ws/src/sllidar_ros2/sdk/src/sl_async_transceiver.h:90:48:\x1b[m\x1b[K \x1b[01;35m\x1b[Kwarning: \x1b[m\x1b[Kunused parameter \xe2\x80\x98\x1b[01m\x1b[KerrCode\x1b[m\x1b[K\xe2\x80\x99 [\x1b[01;35m\x1b[K\x1b]8;;https://gcc.gnu.org/onlinedocs/gcc/Warning-Options.html#index-Wunused-parameter\x07-Wunused-parameter\x1b]8;;\x07\x1b[m\x1b[K]\n'}
[7.335685] (sllidar_ros2) StderrLine: {'line': b'   90 |         virtual void   onChannelError(\x1b[01;35m\x1b[Ku_result errCode\x1b[m\x1b[K) {}\n'}
[7.335814] (sllidar_ros2) StderrLine: {'line': b'      |                                       \x1b[01;35m\x1b[K~~~~~~~~~^~~~~~~\x1b[m\x1b[K\n'}
[7.340757] (-) TimerEvent: {}
[7.351080] (sllidar_ros2) StdoutLine: {'line': b'[ 85%] \x1b[32mBuilding CXX object CMakeFiles/sllidar_node.dir/sdk/src/sl_tcp_channel.cpp.o\x1b[0m\n'}
[7.434687] (sllidar_ros2) StderrLine: {'line': b'In file included from \x1b[01m\x1b[K/home/robotics/project_deskdash/lidar_ws/src/sllidar_ros2/sdk/src/sl_lidar_driver.cpp:50\x1b[m\x1b[K:\n'}
[7.435167] (sllidar_ros2) StderrLine: {'line': b'\x1b[01m\x1b[K/home/robotics/project_deskdash/lidar_ws/src/sllidar_ros2/sdk/src/dataunpacker/dataunpacker.h:\x1b[m\x1b[K In member function \xe2\x80\x98\x1b[01m\x1b[Kvirtual void sl::internal::LIDARSampleDataListener::onCustomSampleDataDecoded(_u8, _u32, const void*, size_t)\x1b[m\x1b[K\xe2\x80\x99:\n'}
[7.435336] (sllidar_ros2) StderrLine: {'line': b'\x1b[01m\x1b[K/home/robotics/project_deskdash/lidar_ws/src/sllidar_ros2/sdk/src/dataunpacker/dataunpacker.h:54:52:\x1b[m\x1b[K \x1b[01;35m\x1b[Kwarning: \x1b[m\x1b[Kunused parameter \xe2\x80\x98\x1b[01m\x1b[KansType\x1b[m\x1b[K\xe2\x80\x99 [\x1b[01;35m\x1b[K\x1b]8;;https://gcc.gnu.org/onlinedocs/gcc/Warning-Options.html#index-Wunused-parameter\x07-Wunused-parameter\x1b]8;;\x07\x1b[m\x1b[K]\n'}
[7.435528] (sllidar_ros2) StderrLine: {'line': b'   54 |         virtual void onCustomSampleDataDecoded(\x1b[01;35m\x1b[K_u8 ansType\x1b[m\x1b[K, _u32 customCode, const void* data, size_t size) {}\n'}
[7.435675] (sllidar_ros2) StderrLine: {'line': b'      |                                                \x1b[01;35m\x1b[K~~~~^~~~~~~\x1b[m\x1b[K\n'}
[7.435793] (sllidar_ros2) StderrLine: {'line': b'\x1b[01m\x1b[K/home/robotics/project_deskdash/lidar_ws/src/sllidar_ros2/sdk/src/dataunpacker/dataunpacker.h:54:66:\x1b[m\x1b[K \x1b[01;35m\x1b[Kwarning: \x1b[m\x1b[Kunused parameter \xe2\x80\x98\x1b[01m\x1b[KcustomCode\x1b[m\x1b[K\xe2\x80\x99 [\x1b[01;35m\x1b[K\x1b]8;;https://gcc.gnu.org/onlinedocs/gcc/Warning-Options.html#index-Wunused-parameter\x07-Wunused-parameter\x1b]8;;\x07\x1b[m\x1b[K]\n'}
[7.435916] (sllidar_ros2) StderrLine: {'line': b'   54 |         virtual void onCustomSampleDataDecoded(_u8 ansType, \x1b[01;35m\x1b[K_u32 customCode\x1b[m\x1b[K, const void* data, size_t size) {}\n'}
[7.436032] (sllidar_ros2) StderrLine: {'line': b'      |                                                             \x1b[01;35m\x1b[K~~~~~^~~~~~~~~~\x1b[m\x1b[K\n'}
[7.436145] (sllidar_ros2) StderrLine: {'line': b'\x1b[01m\x1b[K/home/robotics/project_deskdash/lidar_ws/src/sllidar_ros2/sdk/src/dataunpacker/dataunpacker.h:54:90:\x1b[m\x1b[K \x1b[01;35m\x1b[Kwarning: \x1b[m\x1b[Kunused parameter \xe2\x80\x98\x1b[01m\x1b[Kdata\x1b[m\x1b[K\xe2\x80\x99 [\x1b[01;35m\x1b[K\x1b]8;;https://gcc.gnu.org/onlinedocs/gcc/Warning-Options.html#index-Wunused-parameter\x07-Wunused-parameter\x1b]8;;\x07\x1b[m\x1b[K]\n'}
[7.436280] (sllidar_ros2) StderrLine: {'line': b'   54 |         virtual void onCustomSampleDataDecoded(_u8 ansType, _u32 customCode, \x1b[01;35m\x1b[Kconst void* data\x1b[m\x1b[K, size_t size) {}\n'}
[7.436390] (sllidar_ros2) StderrLine: {'line': b'      |                                                                              \x1b[01;35m\x1b[K~~~~~~~~~~~~^~~~\x1b[m\x1b[K\n'}
[7.436501] (sllidar_ros2) StderrLine: {'line': b'\x1b[01m\x1b[K/home/robotics/project_deskdash/lidar_ws/src/sllidar_ros2/sdk/src/dataunpacker/dataunpacker.h:54:103:\x1b[m\x1b[K \x1b[01;35m\x1b[Kwarning: \x1b[m\x1b[Kunused parameter \xe2\x80\x98\x1b[01m\x1b[Ksize\x1b[m\x1b[K\xe2\x80\x99 [\x1b[01;35m\x1b[K\x1b]8;;https://gcc.gnu.org/onlinedocs/gcc/Warning-Options.html#index-Wunused-parameter\x07-Wunused-parameter\x1b]8;;\x07\x1b[m\x1b[K]\n'}
[7.436617] (sllidar_ros2) StderrLine: {'line': b'   54 |         virtual void onCustomSampleDataDecoded(_u8 ansType, _u32 customCode, const void* data, \x1b[01;35m\x1b[Ksize_t size\x1b[m\x1b[K) {}\n'}
[7.436727] (sllidar_ros2) StderrLine: {'line': b'      |                                                                                                \x1b[01;35m\x1b[K~~~~~~~^~~~\x1b[m\x1b[K\n'}
[7.436836] (sllidar_ros2) StderrLine: {'line': b'\x1b[01m\x1b[K/home/robotics/project_deskdash/lidar_ws/src/sllidar_ros2/sdk/src/dataunpacker/dataunpacker.h:\x1b[m\x1b[K In member function \xe2\x80\x98\x1b[01m\x1b[Kvirtual void sl::internal::LIDARSampleDataListener::onDecodingError(int, _u8, const void*, size_t)\x1b[m\x1b[K\xe2\x80\x99:\n'}
[7.436950] (sllidar_ros2) StderrLine: {'line': b'\x1b[01m\x1b[K/home/robotics/project_deskdash/lidar_ws/src/sllidar_ros2/sdk/src/dataunpacker/dataunpacker.h:56:42:\x1b[m\x1b[K \x1b[01;35m\x1b[Kwarning: \x1b[m\x1b[Kunused parameter \xe2\x80\x98\x1b[01m\x1b[KerrMsg\x1b[m\x1b[K\xe2\x80\x99 [\x1b[01;35m\x1b[K\x1b]8;;https://gcc.gnu.org/onlinedocs/gcc/Warning-Options.html#index-Wunused-parameter\x07-Wunused-parameter\x1b]8;;\x07\x1b[m\x1b[K]\n'}
[7.437061] (sllidar_ros2) StderrLine: {'line': b'   56 |         virtual void onDecodingError(\x1b[01;35m\x1b[Kint errMsg\x1b[m\x1b[K, _u8 ansType, const void* payload, size_t size) {}\n'}
[7.437170] (sllidar_ros2) StderrLine: {'line': b'      |                                      \x1b[01;35m\x1b[K~~~~^~~~~~\x1b[m\x1b[K\n'}
[7.437276] (sllidar_ros2) StderrLine: {'line': b'\x1b[01m\x1b[K/home/robotics/project_deskdash/lidar_ws/src/sllidar_ros2/sdk/src/dataunpacker/dataunpacker.h:56:54:\x1b[m\x1b[K \x1b[01;35m\x1b[Kwarning: \x1b[m\x1b[Kunused parameter \xe2\x80\x98\x1b[01m\x1b[KansType\x1b[m\x1b[K\xe2\x80\x99 [\x1b[01;35m\x1b[K\x1b]8;;https://gcc.gnu.org/onlinedocs/gcc/Warning-Options.html#index-Wunused-parameter\x07-Wunused-parameter\x1b]8;;\x07\x1b[m\x1b[K]\n'}
[7.437464] (sllidar_ros2) StderrLine: {'line': b'   56 |         virtual void onDecodingError(int errMsg, \x1b[01;35m\x1b[K_u8 ansType\x1b[m\x1b[K, const void* payload, size_t size) {}\n'}
[7.437586] (sllidar_ros2) StderrLine: {'line': b'      |                                                  \x1b[01;35m\x1b[K~~~~^~~~~~~\x1b[m\x1b[K\n'}
[7.437703] (sllidar_ros2) StderrLine: {'line': b'\x1b[01m\x1b[K/home/robotics/project_deskdash/lidar_ws/src/sllidar_ros2/sdk/src/dataunpacker/dataunpacker.h:56:75:\x1b[m\x1b[K \x1b[01;35m\x1b[Kwarning: \x1b[m\x1b[Kunused parameter \xe2\x80\x98\x1b[01m\x1b[Kpayload\x1b[m\x1b[K\xe2\x80\x99 [\x1b[01;35m\x1b[K\x1b]8;;https://gcc.gnu.org/onlinedocs/gcc/Warning-Options.html#index-Wunused-parameter\x07-Wunused-parameter\x1b]8;;\x07\x1b[m\x1b[K]\n'}
[7.437819] (sllidar_ros2) StderrLine: {'line': b'   56 |         virtual void onDecodingError(int errMsg, _u8 ansType, \x1b[01;35m\x1b[Kconst void* payload\x1b[m\x1b[K, size_t size) {}\n'}
[7.437930] (sllidar_ros2) StderrLine: {'line': b'      |                                                               \x1b[01;35m\x1b[K~~~~~~~~~~~~^~~~~~~\x1b[m\x1b[K\n'}
[7.438072] (sllidar_ros2) StderrLine: {'line': b'\x1b[01m\x1b[K/home/robotics/project_deskdash/lidar_ws/src/sllidar_ros2/sdk/src/dataunpacker/dataunpacker.h:56:91:\x1b[m\x1b[K \x1b[01;35m\x1b[Kwarning: \x1b[m\x1b[Kunused parameter \xe2\x80\x98\x1b[01m\x1b[Ksize\x1b[m\x1b[K\xe2\x80\x99 [\x1b[01;35m\x1b[K\x1b]8;;https://gcc.gnu.org/onlinedocs/gcc/Warning-Options.html#index-Wunused-parameter\x07-Wunused-parameter\x1b]8;;\x07\x1b[m\x1b[K]\n'}
[7.438202] (sllidar_ros2) StderrLine: {'line': b'   56 |         virtual void onDecodingError(int errMsg, _u8 ansType, const void* payload, \x1b[01;35m\x1b[Ksize_t size\x1b[m\x1b[K) {}\n'}
[7.438324] (sllidar_ros2) StderrLine: {'line': b'      |                                                                                    \x1b[01;35m\x1b[K~~~~~~~^~~~\x1b[m\x1b[K\n'}
[7.440909] (-) TimerEvent: {}
[7.455366] (sllidar_ros2) StderrLine: {'line': b'In file included from \x1b[01m\x1b[K/home/robotics/project_deskdash/lidar_ws/src/sllidar_ros2/sdk/src/sl_lidar_driver.cpp:51\x1b[m\x1b[K:\n'}
[7.455847] (sllidar_ros2) StderrLine: {'line': b'\x1b[01m\x1b[K/home/robotics/project_deskdash/lidar_ws/src/sllidar_ros2/sdk/src/sl_async_transceiver.h:\x1b[m\x1b[K In member function \xe2\x80\x98\x1b[01m\x1b[Kvirtual void sl::internal::IAsyncProtocolCodec::onChannelError(u_result)\x1b[m\x1b[K\xe2\x80\x99:\n'}
[7.456015] (sllidar_ros2) StderrLine: {'line': b'\x1b[01m\x1b[K/home/robotics/project_deskdash/lidar_ws/src/sllidar_ros2/sdk/src/sl_async_transceiver.h:90:48:\x1b[m\x1b[K \x1b[01;35m\x1b[Kwarning: \x1b[m\x1b[Kunused parameter \xe2\x80\x98\x1b[01m\x1b[KerrCode\x1b[m\x1b[K\xe2\x80\x99 [\x1b[01;35m\x1b[K\x1b]8;;https://gcc.gnu.org/onlinedocs/gcc/Warning-Options.html#index-Wunused-parameter\x07-Wunused-parameter\x1b]8;;\x07\x1b[m\x1b[K]\n'}
[7.456161] (sllidar_ros2) StderrLine: {'line': b'   90 |         virtual void   onChannelError(\x1b[01;35m\x1b[Ku_result errCode\x1b[m\x1b[K) {}\n'}
[7.456289] (sllidar_ros2) StderrLine: {'line': b'      |                                       \x1b[01;35m\x1b[K~~~~~~~~~^~~~~~~\x1b[m\x1b[K\n'}
[7.508903] (sllidar_ros2) StderrLine: {'line': b'\x1b[01m\x1b[K/home/robotics/project_deskdash/lidar_ws/src/sllidar_ros2/sdk/src/sl_lidar_driver.cpp:\x1b[m\x1b[K In member function \xe2\x80\x98\x1b[01m\x1b[Kvirtual sl_result sl::SlamtecLidarDriver::reset(sl_u32)\x1b[m\x1b[K\xe2\x80\x99:\n'}
[7.509404] (sllidar_ros2) StderrLine: {'line': b'\x1b[01m\x1b[K/home/robotics/project_deskdash/lidar_ws/src/sllidar_ros2/sdk/src/sl_lidar_driver.cpp:511:32:\x1b[m\x1b[K \x1b[01;35m\x1b[Kwarning: \x1b[m\x1b[Kunused parameter \xe2\x80\x98\x1b[01m\x1b[KtimeoutInMs\x1b[m\x1b[K\xe2\x80\x99 [\x1b[01;35m\x1b[K\x1b]8;;https://gcc.gnu.org/onlinedocs/gcc/Warning-Options.html#index-Wunused-parameter\x07-Wunused-parameter\x1b]8;;\x07\x1b[m\x1b[K]\n'}
[7.509597] (sllidar_ros2) StderrLine: {'line': b'  511 |         sl_result reset(\x1b[01;35m\x1b[Ksl_u32 timeoutInMs = DEFAULT_TIMEOUT\x1b[m\x1b[K)\n'}
[7.509736] (sllidar_ros2) StderrLine: {'line': b'      |                         \x1b[01;35m\x1b[K~~~~~~~^~~~~~~~~~~~~~~~~~~~~~~~~~~~~\x1b[m\x1b[K\n'}
[7.517606] (sllidar_ros2) StderrLine: {'line': b'\x1b[01m\x1b[K/home/robotics/project_deskdash/lidar_ws/src/sllidar_ros2/sdk/src/sl_lidar_driver.cpp:\x1b[m\x1b[K In member function \xe2\x80\x98\x1b[01m\x1b[Kvirtual sl_result sl::SlamtecLidarDriver::startScan(bool, bool, sl_u32, sl::LidarScanMode*)\x1b[m\x1b[K\xe2\x80\x99:\n'}
[7.518085] (sllidar_ros2) StderrLine: {'line': b'\x1b[01m\x1b[K/home/robotics/project_deskdash/lidar_ws/src/sllidar_ros2/sdk/src/sl_lidar_driver.cpp:586:69:\x1b[m\x1b[K \x1b[01;35m\x1b[Kwarning: \x1b[m\x1b[Kunused parameter \xe2\x80\x98\x1b[01m\x1b[Koptions\x1b[m\x1b[K\xe2\x80\x99 [\x1b[01;35m\x1b[K\x1b]8;;https://gcc.gnu.org/onlinedocs/gcc/Warning-Options.html#index-Wunused-parameter\x07-Wunused-parameter\x1b]8;;\x07\x1b[m\x1b[K]\n'}
[7.518255] (sllidar_ros2) StderrLine: {'line': b'  586 |         sl_result startScan(bool force, bool useTypicalScan, \x1b[01;35m\x1b[Ksl_u32 options = 0\x1b[m\x1b[K, LidarScanMode* outUsedScanMode = nullptr)\n'}
[7.518436] (sllidar_ros2) StderrLine: {'line': b'      |                                                              \x1b[01;35m\x1b[K~~~~~~~^~~~~~~~~~~\x1b[m\x1b[K\n'}
[7.522493] (sllidar_ros2) StderrLine: {'line': b'\x1b[01m\x1b[K/home/robotics/project_deskdash/lidar_ws/src/sllidar_ros2/sdk/src/sl_lidar_driver.cpp:\x1b[m\x1b[K In member function \xe2\x80\x98\x1b[01m\x1b[Kvirtual sl_result sl::SlamtecLidarDriver::stop(sl_u32)\x1b[m\x1b[K\xe2\x80\x99:\n'}
[7.522972] (sllidar_ros2) StderrLine: {'line': b'\x1b[01m\x1b[K/home/robotics/project_deskdash/lidar_ws/src/sllidar_ros2/sdk/src/sl_lidar_driver.cpp:763:31:\x1b[m\x1b[K \x1b[01;35m\x1b[Kwarning: \x1b[m\x1b[Kunused parameter \xe2\x80\x98\x1b[01m\x1b[Ktimeout\x1b[m\x1b[K\xe2\x80\x99 [\x1b[01;35m\x1b[K\x1b]8;;https://gcc.gnu.org/onlinedocs/gcc/Warning-Options.html#index-Wunused-parameter\x07-Wunused-parameter\x1b]8;;\x07\x1b[m\x1b[K]\n'}
[7.523154] (sllidar_ros2) StderrLine: {'line': b'  763 |         sl_result stop(\x1b[01;35m\x1b[Ksl_u32 timeout = DEFAULT_TIMEOUT\x1b[m\x1b[K)\n'}
[7.523287] (sllidar_ros2) StderrLine: {'line': b'      |                        \x1b[01;35m\x1b[K~~~~~~~^~~~~~~~~~~~~~~~~~~~~~~~~\x1b[m\x1b[K\n'}
[7.526964] (sllidar_ros2) StderrLine: {'line': b'\x1b[01m\x1b[K/home/robotics/project_deskdash/lidar_ws/src/sllidar_ros2/sdk/src/sl_lidar_driver.cpp:\x1b[m\x1b[K In member function \xe2\x80\x98\x1b[01m\x1b[Kvirtual sl_result sl::SlamtecLidarDriver::getFrequency(const sl::LidarScanMode&, const sl_lidar_response_measurement_node_hq_t*, size_t, float&)\x1b[m\x1b[K\xe2\x80\x99:\n'}
[7.527414] (sllidar_ros2) StderrLine: {'line': b'\x1b[01m\x1b[K/home/robotics/project_deskdash/lidar_ws/src/sllidar_ros2/sdk/src/sl_lidar_driver.cpp:880:110:\x1b[m\x1b[K \x1b[01;35m\x1b[Kwarning: \x1b[m\x1b[Kunused parameter \xe2\x80\x98\x1b[01m\x1b[Knodes\x1b[m\x1b[K\xe2\x80\x99 [\x1b[01;35m\x1b[K\x1b]8;;https://gcc.gnu.org/onlinedocs/gcc/Warning-Options.html#index-Wunused-parameter\x07-Wunused-parameter\x1b]8;;\x07\x1b[m\x1b[K]\n'}
[7.527620] (sllidar_ros2) StderrLine: {'line': b'  880 |         sl_result getFrequency(const LidarScanMode& scanMode, \x1b[01;35m\x1b[Kconst sl_lidar_response_measurement_node_hq_t* nodes\x1b[m\x1b[K, size_t count, float& frequency)\n'}
[7.527785] (sllidar_ros2) StderrLine: {'line': b'      |                                                               \x1b[01;35m\x1b[K~~~~~~~~~~~~~~~~~~~~~~~~~~~~~~~~~~~~~~~~~~~~~~~^~~~~\x1b[m\x1b[K\n'}
[7.532640] (sllidar_ros2) StderrLine: {'line': b'\x1b[01m\x1b[K/home/robotics/project_deskdash/lidar_ws/src/sllidar_ros2/sdk/src/sl_lidar_driver.cpp:\x1b[m\x1b[K In member function \xe2\x80\x98\x1b[01m\x1b[Kvirtual sl_result sl::SlamtecLidarDriver::getMotorInfo(sl::LidarMotorInfo&, sl_u32)\x1b[m\x1b[K\xe2\x80\x99:\n'}
[7.533112] (sllidar_ros2) StderrLine: {'line': b'\x1b[01m\x1b[K/home/robotics/project_deskdash/lidar_ws/src/sllidar_ros2/sdk/src/sl_lidar_driver.cpp:1023:66:\x1b[m\x1b[K \x1b[01;35m\x1b[Kwarning: \x1b[m\x1b[Kunused parameter \xe2\x80\x98\x1b[01m\x1b[KtimeoutInMs\x1b[m\x1b[K\xe2\x80\x99 [\x1b[01;35m\x1b[K\x1b]8;;https://gcc.gnu.org/onlinedocs/gcc/Warning-Options.html#index-Wunused-parameter\x07-Wunused-parameter\x1b]8;;\x07\x1b[m\x1b[K]\n'}
[7.533288] (sllidar_ros2) StderrLine: {'line': b' 1023 |         sl_result getMotorInfo(LidarMotorInfo &motorInfo, \x1b[01;35m\x1b[Ksl_u32 timeoutInMs\x1b[m\x1b[K)\n'}
[7.533469] (sllidar_ros2) StderrLine: {'line': b'      |                                                           \x1b[01;35m\x1b[K~~~~~~~^~~~~~~~~~~\x1b[m\x1b[K\n'}
[7.535780] (sllidar_ros2) StderrLine: {'line': b'\x1b[01m\x1b[K/home/robotics/project_deskdash/lidar_ws/src/sllidar_ros2/sdk/src/sl_lidar_driver.cpp:\x1b[m\x1b[K In member function \xe2\x80\x98\x1b[01m\x1b[Ku_result sl::SlamtecLidarDriver::getScanModeCount(sl_u16&, sl_u32)\x1b[m\x1b[K\xe2\x80\x99:\n'}
[7.536149] (sllidar_ros2) StderrLine: {'line': b'\x1b[01m\x1b[K/home/robotics/project_deskdash/lidar_ws/src/sllidar_ros2/sdk/src/sl_lidar_driver.cpp:1199:61:\x1b[m\x1b[K \x1b[01;35m\x1b[Kwarning: \x1b[m\x1b[Kunused parameter \xe2\x80\x98\x1b[01m\x1b[KtimeoutInMs\x1b[m\x1b[K\xe2\x80\x99 [\x1b[01;35m\x1b[K\x1b]8;;https://gcc.gnu.org/onlinedocs/gcc/Warning-Options.html#index-Wunused-parameter\x07-Wunused-parameter\x1b]8;;\x07\x1b[m\x1b[K]\n'}
[7.536360] (sllidar_ros2) StderrLine: {'line': b' 1199 |         u_result getScanModeCount(sl_u16& modeCount, \x1b[01;35m\x1b[Ksl_u32 timeoutInMs = DEFAULT_TIMEOUT\x1b[m\x1b[K)\n'}
[7.536495] (sllidar_ros2) StderrLine: {'line': b'      |                                                      \x1b[01;35m\x1b[K~~~~~~~^~~~~~~~~~~~~~~~~~~~~~~~~~~~~\x1b[m\x1b[K\n'}
[7.541124] (-) TimerEvent: {}
[7.558027] (sllidar_ros2) StderrLine: {'line': b'In file included from \x1b[01m\x1b[K/home/robotics/project_deskdash/lidar_ws/src/sllidar_ros2/./sdk/include/sl_lidar_cmd.h:41\x1b[m\x1b[K,\n'}
[7.558504] (sllidar_ros2) StderrLine: {'line': b'                 from \x1b[01m\x1b[K/home/robotics/project_deskdash/lidar_ws/src/sllidar_ros2/./sdk/include/sl_lidar_driver.h:54\x1b[m\x1b[K,\n'}
[7.558674] (sllidar_ros2) StderrLine: {'line': b'                 from \x1b[01m\x1b[K/home/robotics/project_deskdash/lidar_ws/src/sllidar_ros2/sdk/src/sl_serial_channel.cpp:33\x1b[m\x1b[K:\n'}
[7.558807] (sllidar_ros2) StderrLine: {'line': b'\x1b[01m\x1b[K/home/robotics/project_deskdash/lidar_ws/src/sllidar_ros2/./sdk/include/sl_lidar_protocol.h:66:16:\x1b[m\x1b[K \x1b[01;35m\x1b[Kwarning: \x1b[m\x1b[KISO C++ forbids zero-size array \xe2\x80\x98\x1b[01m\x1b[Kdata\x1b[m\x1b[K\xe2\x80\x99 [\x1b[01;35m\x1b[K\x1b]8;;https://gcc.gnu.org/onlinedocs/gcc/Warning-Options.html#index-Wpedantic\x07-Wpedantic\x1b]8;;\x07\x1b[m\x1b[K]\n'}
[7.558946] (sllidar_ros2) StderrLine: {'line': b'   66 |     sl_u8 data[\x1b[01;35m\x1b[K0\x1b[m\x1b[K];\n'}
[7.559065] (sllidar_ros2) StderrLine: {'line': b'      |                \x1b[01;35m\x1b[K^\x1b[m\x1b[K\n'}
[7.560558] (sllidar_ros2) StderrLine: {'line': b'In file included from \x1b[01m\x1b[K/home/robotics/project_deskdash/lidar_ws/src/sllidar_ros2/./sdk/include/sl_lidar_driver.h:54\x1b[m\x1b[K,\n'}
[7.560853] (sllidar_ros2) StderrLine: {'line': b'                 from \x1b[01m\x1b[K/home/robotics/project_deskdash/lidar_ws/src/sllidar_ros2/sdk/src/sl_serial_channel.cpp:33\x1b[m\x1b[K:\n'}
[7.561008] (sllidar_ros2) StderrLine: {'line': b'\x1b[01m\x1b[K/home/robotics/project_deskdash/lidar_ws/src/sllidar_ros2/./sdk/include/sl_lidar_cmd.h:324:20:\x1b[m\x1b[K \x1b[01;35m\x1b[Kwarning: \x1b[m\x1b[KISO C++ forbids zero-size array \xe2\x80\x98\x1b[01m\x1b[Kpayload\x1b[m\x1b[K\xe2\x80\x99 [\x1b[01;35m\x1b[K\x1b]8;;https://gcc.gnu.org/onlinedocs/gcc/Warning-Options.html#index-Wpedantic\x07-Wpedantic\x1b]8;;\x07\x1b[m\x1b[K]\n'}
[7.561293] (sllidar_ros2) StderrLine: {'line': b'  324 |     sl_u8  payload[\x1b[01;35m\x1b[K0\x1b[m\x1b[K];\n'}
[7.561610] (sllidar_ros2) StderrLine: {'line': b'      |                    \x1b[01;35m\x1b[K^\x1b[m\x1b[K\n'}
[7.598518] (sllidar_ros2) StdoutLine: {'line': b'[ 90%] \x1b[32mBuilding CXX object CMakeFiles/sllidar_node.dir/sdk/src/sl_udp_channel.cpp.o\x1b[0m\n'}
[7.637945] (sllidar_ros2) StderrLine: {'line': b'/home/robotics/project_deskdash/lidar_ws/src/sllidar_ros2/sdk/src/sl_lidar_driver.cpp: In instantiation of \xe2\x80\x98\x1b[01m\x1b[Kvoid sl::RawSampleNodeHolder<T>::pushNode(_u64, const T*) [with T = sl_lidar_response_measurement_node_hq_t; _u64 = long unsigned int]\x1b[m\x1b[K\xe2\x80\x99:\n'}
[7.638471] (sllidar_ros2) StderrLine: {'line': b'\x1b[01m\x1b[K/home/robotics/project_deskdash/lidar_ws/src/sllidar_ros2/sdk/src/sl_lidar_driver.cpp:1648:42:\x1b[m\x1b[K   required from here\n'}
[7.638644] (sllidar_ros2) StderrLine: {'line': b'\x1b[01m\x1b[K/home/robotics/project_deskdash/lidar_ws/src/sllidar_ros2/sdk/src/sl_lidar_driver.cpp:202:28:\x1b[m\x1b[K \x1b[01;35m\x1b[Kwarning: \x1b[m\x1b[Kunused parameter \xe2\x80\x98\x1b[01m\x1b[Ktimestamp_uS\x1b[m\x1b[K\xe2\x80\x99 [\x1b[01;35m\x1b[K\x1b]8;;https://gcc.gnu.org/onlinedocs/gcc/Warning-Options.html#index-Wunused-parameter\x07-Wunused-parameter\x1b]8;;\x07\x1b[m\x1b[K]\n'}
[7.638809] (sllidar_ros2) StderrLine: {'line': b'  202 |         void pushNode(\x1b[01;35m\x1b[K_u64 timestamp_uS\x1b[m\x1b[K, const T* node)\n'}
[7.638941] (sllidar_ros2) StderrLine: {'line': b'      |                       \x1b[01;35m\x1b[K~~~~~^~~~~~~~~~~~\x1b[m\x1b[K\n'}
[7.641283] (-) TimerEvent: {}
[7.741932] (-) TimerEvent: {}
[7.842910] (-) TimerEvent: {}
[7.872183] (sllidar_ros2) StderrLine: {'line': b'In file included from \x1b[01m\x1b[K/home/robotics/project_deskdash/lidar_ws/src/sllidar_ros2/./sdk/include/sl_lidar_cmd.h:41\x1b[m\x1b[K,\n'}
[7.872704] (sllidar_ros2) StderrLine: {'line': b'                 from \x1b[01m\x1b[K/home/robotics/project_deskdash/lidar_ws/src/sllidar_ros2/./sdk/include/sl_lidar_driver.h:54\x1b[m\x1b[K,\n'}
[7.872921] (sllidar_ros2) StderrLine: {'line': b'                 from \x1b[01m\x1b[K/home/robotics/project_deskdash/lidar_ws/src/sllidar_ros2/sdk/src/sl_tcp_channel.cpp:33\x1b[m\x1b[K:\n'}
[7.873090] (sllidar_ros2) StderrLine: {'line': b'\x1b[01m\x1b[K/home/robotics/project_deskdash/lidar_ws/src/sllidar_ros2/./sdk/include/sl_lidar_protocol.h:66:16:\x1b[m\x1b[K \x1b[01;35m\x1b[Kwarning: \x1b[m\x1b[KISO C++ forbids zero-size array \xe2\x80\x98\x1b[01m\x1b[Kdata\x1b[m\x1b[K\xe2\x80\x99 [\x1b[01;35m\x1b[K\x1b]8;;https://gcc.gnu.org/onlinedocs/gcc/Warning-Options.html#index-Wpedantic\x07-Wpedantic\x1b]8;;\x07\x1b[m\x1b[K]\n'}
[7.873234] (sllidar_ros2) StderrLine: {'line': b'   66 |     sl_u8 data[\x1b[01;35m\x1b[K0\x1b[m\x1b[K];\n'}
[7.873397] (sllidar_ros2) StderrLine: {'line': b'      |                \x1b[01;35m\x1b[K^\x1b[m\x1b[K\n'}
[7.873676] (sllidar_ros2) StderrLine: {'line': b'In file included from \x1b[01m\x1b[K/home/robotics/project_deskdash/lidar_ws/src/sllidar_ros2/./sdk/include/sl_lidar_driver.h:54\x1b[m\x1b[K,\n'}
[7.873844] (sllidar_ros2) StderrLine: {'line': b'                 from \x1b[01m\x1b[K/home/robotics/project_deskdash/lidar_ws/src/sllidar_ros2/sdk/src/sl_tcp_channel.cpp:33\x1b[m\x1b[K:\n'}
[7.873972] (sllidar_ros2) StderrLine: {'line': b'\x1b[01m\x1b[K/home/robotics/project_deskdash/lidar_ws/src/sllidar_ros2/./sdk/include/sl_lidar_cmd.h:324:20:\x1b[m\x1b[K \x1b[01;35m\x1b[Kwarning: \x1b[m\x1b[KISO C++ forbids zero-size array \xe2\x80\x98\x1b[01m\x1b[Kpayload\x1b[m\x1b[K\xe2\x80\x99 [\x1b[01;35m\x1b[K\x1b]8;;https://gcc.gnu.org/onlinedocs/gcc/Warning-Options.html#index-Wpedantic\x07-Wpedantic\x1b]8;;\x07\x1b[m\x1b[K]\n'}
[7.874099] (sllidar_ros2) StderrLine: {'line': b'  324 |     sl_u8  payload[\x1b[01;35m\x1b[K0\x1b[m\x1b[K];\n'}
[7.874212] (sllidar_ros2) StderrLine: {'line': b'      |                    \x1b[01;35m\x1b[K^\x1b[m\x1b[K\n'}
[7.882202] (sllidar_ros2) StderrLine: {'line': b'\x1b[01m\x1b[K/home/robotics/project_deskdash/lidar_ws/src/sllidar_ros2/sdk/src/sl_tcp_channel.cpp:\x1b[m\x1b[K In member function \xe2\x80\x98\x1b[01m\x1b[Kvoid sl::TcpChannel::setStatus(_u32)\x1b[m\x1b[K\xe2\x80\x99:\n'}
[7.882529] (sllidar_ros2) StderrLine: {'line': b'\x1b[01m\x1b[K/home/robotics/project_deskdash/lidar_ws/src/sllidar_ros2/sdk/src/sl_tcp_channel.cpp:109:29:\x1b[m\x1b[K \x1b[01;35m\x1b[Kwarning: \x1b[m\x1b[Kunused parameter \xe2\x80\x98\x1b[01m\x1b[Kflag\x1b[m\x1b[K\xe2\x80\x99 [\x1b[01;35m\x1b[K\x1b]8;;https://gcc.gnu.org/onlinedocs/gcc/Warning-Options.html#index-Wunused-parameter\x07-Wunused-parameter\x1b]8;;\x07\x1b[m\x1b[K]\n'}
[7.882668] (sllidar_ros2) StderrLine: {'line': b'  109 |         void setStatus(\x1b[01;35m\x1b[K_u32 flag\x1b[m\x1b[K){}\n'}
[7.882788] (sllidar_ros2) StderrLine: {'line': b'      |                        \x1b[01;35m\x1b[K~~~~~^~~~\x1b[m\x1b[K\n'}
[7.912168] (sllidar_ros2) StderrLine: {'line': b'\x1b[01m\x1b[K/home/robotics/project_deskdash/lidar_ws/src/sllidar_ros2/sdk/src/sl_lidar_driver.cpp:\x1b[m\x1b[K At global scope:\n'}
[7.912842] (sllidar_ros2) StderrLine: {'line': b'\x1b[01m\x1b[K/home/robotics/project_deskdash/lidar_ws/src/sllidar_ros2/sdk/src/sl_lidar_driver.cpp:83:17:\x1b[m\x1b[K \x1b[01;35m\x1b[Kwarning: \x1b[m\x1b[K\xe2\x80\x98\x1b[01m\x1b[Kvoid sl::convert(const sl_lidar_response_measurement_node_hq_t&, sl_lidar_response_measurement_node_t&)\x1b[m\x1b[K\xe2\x80\x99 defined but not used [\x1b[01;35m\x1b[K\x1b]8;;https://gcc.gnu.org/onlinedocs/gcc/Warning-Options.html#index-Wunused-function\x07-Wunused-function\x1b]8;;\x07\x1b[m\x1b[K]\n'}
[7.913186] (sllidar_ros2) StderrLine: {'line': b'   83 |     static void \x1b[01;35m\x1b[Kconvert\x1b[m\x1b[K(const sl_lidar_response_measurement_node_hq_t& from, sl_lidar_response_measurement_node_t& to)\n'}
[7.913455] (sllidar_ros2) StderrLine: {'line': b'      |                 \x1b[01;35m\x1b[K^~~~~~~\x1b[m\x1b[K\n'}
[7.913812] (sllidar_ros2) StderrLine: {'line': b'\x1b[01m\x1b[K/home/robotics/project_deskdash/lidar_ws/src/sllidar_ros2/sdk/src/sl_lidar_driver.cpp:75:17:\x1b[m\x1b[K \x1b[01;35m\x1b[Kwarning: \x1b[m\x1b[K\xe2\x80\x98\x1b[01m\x1b[Kvoid sl::convert(const sl_lidar_response_measurement_node_t&, sl_lidar_response_measurement_node_hq_t&)\x1b[m\x1b[K\xe2\x80\x99 defined but not used [\x1b[01;35m\x1b[K\x1b]8;;https://gcc.gnu.org/onlinedocs/gcc/Warning-Options.html#index-Wunused-function\x07-Wunused-function\x1b]8;;\x07\x1b[m\x1b[K]\n'}
[7.914097] (sllidar_ros2) StderrLine: {'line': b'   75 |     static void \x1b[01;35m\x1b[Kconvert\x1b[m\x1b[K(const sl_lidar_response_measurement_node_t& from, sl_lidar_response_measurement_node_hq_t& to)\n'}
[7.914355] (sllidar_ros2) StderrLine: {'line': b'      |                 \x1b[01;35m\x1b[K^~~~~~~\x1b[m\x1b[K\n'}
[7.914664] (sllidar_ros2) StderrLine: {'line': b'\x1b[01m\x1b[K/home/robotics/project_deskdash/lidar_ws/src/sllidar_ros2/sdk/src/sl_lidar_driver.cpp:70:17:\x1b[m\x1b[K \x1b[01;35m\x1b[Kwarning: \x1b[m\x1b[K\xe2\x80\x98\x1b[01m\x1b[Kvoid sl::printDeprecationWarn(const char*, const char*)\x1b[m\x1b[K\xe2\x80\x99 defined but not used [\x1b[01;35m\x1b[K\x1b]8;;https://gcc.gnu.org/onlinedocs/gcc/Warning-Options.html#index-Wunused-function\x07-Wunused-function\x1b]8;;\x07\x1b[m\x1b[K]\n'}
[7.914932] (sllidar_ros2) StderrLine: {'line': b'   70 |     static void \x1b[01;35m\x1b[KprintDeprecationWarn\x1b[m\x1b[K(const char* fn, const char* replacement)\n'}
[7.915163] (sllidar_ros2) StderrLine: {'line': b'      |                 \x1b[01;35m\x1b[K^~~~~~~~~~~~~~~~~~~~\x1b[m\x1b[K\n'}
[7.943107] (-) TimerEvent: {}
[8.044132] (-) TimerEvent: {}
[8.117049] (sllidar_ros2) StderrLine: {'line': b'In file included from \x1b[01m\x1b[K/home/robotics/project_deskdash/lidar_ws/src/sllidar_ros2/./sdk/include/sl_lidar_cmd.h:41\x1b[m\x1b[K,\n'}
[8.117538] (sllidar_ros2) StderrLine: {'line': b'                 from \x1b[01m\x1b[K/home/robotics/project_deskdash/lidar_ws/src/sllidar_ros2/./sdk/include/sl_lidar_driver.h:54\x1b[m\x1b[K,\n'}
[8.117701] (sllidar_ros2) StderrLine: {'line': b'                 from \x1b[01m\x1b[K/home/robotics/project_deskdash/lidar_ws/src/sllidar_ros2/sdk/src/sl_udp_channel.cpp:33\x1b[m\x1b[K:\n'}
[8.117932] (sllidar_ros2) StderrLine: {'line': b'\x1b[01m\x1b[K/home/robotics/project_deskdash/lidar_ws/src/sllidar_ros2/./sdk/include/sl_lidar_protocol.h:66:16:\x1b[m\x1b[K \x1b[01;35m\x1b[Kwarning: \x1b[m\x1b[KISO C++ forbids zero-size array \xe2\x80\x98\x1b[01m\x1b[Kdata\x1b[m\x1b[K\xe2\x80\x99 [\x1b[01;35m\x1b[K\x1b]8;;https://gcc.gnu.org/onlinedocs/gcc/Warning-Options.html#index-Wpedantic\x07-Wpedantic\x1b]8;;\x07\x1b[m\x1b[K]\n'}
[8.118091] (sllidar_ros2) StderrLine: {'line': b'   66 |     sl_u8 data[\x1b[01;35m\x1b[K0\x1b[m\x1b[K];\n'}
[8.118216] (sllidar_ros2) StderrLine: {'line': b'      |                \x1b[01;35m\x1b[K^\x1b[m\x1b[K\n'}
[8.118445] (sllidar_ros2) StderrLine: {'line': b'In file included from \x1b[01m\x1b[K/home/robotics/project_deskdash/lidar_ws/src/sllidar_ros2/./sdk/include/sl_lidar_driver.h:54\x1b[m\x1b[K,\n'}
[8.118585] (sllidar_ros2) StderrLine: {'line': b'                 from \x1b[01m\x1b[K/home/robotics/project_deskdash/lidar_ws/src/sllidar_ros2/sdk/src/sl_udp_channel.cpp:33\x1b[m\x1b[K:\n'}
[8.118703] (sllidar_ros2) StderrLine: {'line': b'\x1b[01m\x1b[K/home/robotics/project_deskdash/lidar_ws/src/sllidar_ros2/./sdk/include/sl_lidar_cmd.h:324:20:\x1b[m\x1b[K \x1b[01;35m\x1b[Kwarning: \x1b[m\x1b[KISO C++ forbids zero-size array \xe2\x80\x98\x1b[01m\x1b[Kpayload\x1b[m\x1b[K\xe2\x80\x99 [\x1b[01;35m\x1b[K\x1b]8;;https://gcc.gnu.org/onlinedocs/gcc/Warning-Options.html#index-Wpedantic\x07-Wpedantic\x1b]8;;\x07\x1b[m\x1b[K]\n'}
[8.118841] (sllidar_ros2) StderrLine: {'line': b'  324 |     sl_u8  payload[\x1b[01;35m\x1b[K0\x1b[m\x1b[K];\n'}
[8.118956] (sllidar_ros2) StderrLine: {'line': b'      |                    \x1b[01;35m\x1b[K^\x1b[m\x1b[K\n'}
[8.127536] (sllidar_ros2) StderrLine: {'line': b'\x1b[01m\x1b[K/home/robotics/project_deskdash/lidar_ws/src/sllidar_ros2/sdk/src/sl_udp_channel.cpp:\x1b[m\x1b[K In member function \xe2\x80\x98\x1b[01m\x1b[Kvoid sl::UdpChannel::setStatus(_u32)\x1b[m\x1b[K\xe2\x80\x99:\n'}
[8.127836] (sllidar_ros2) StderrLine: {'line': b'\x1b[01m\x1b[K/home/robotics/project_deskdash/lidar_ws/src/sllidar_ros2/sdk/src/sl_udp_channel.cpp:112:29:\x1b[m\x1b[K \x1b[01;35m\x1b[Kwarning: \x1b[m\x1b[Kunused parameter \xe2\x80\x98\x1b[01m\x1b[Kflag\x1b[m\x1b[K\xe2\x80\x99 [\x1b[01;35m\x1b[K\x1b]8;;https://gcc.gnu.org/onlinedocs/gcc/Warning-Options.html#index-Wunused-parameter\x07-Wunused-parameter\x1b]8;;\x07\x1b[m\x1b[K]\n'}
[8.127974] (sllidar_ros2) StderrLine: {'line': b'  112 |         void setStatus(\x1b[01;35m\x1b[K_u32 flag\x1b[m\x1b[K){}\n'}
[8.128090] (sllidar_ros2) StderrLine: {'line': b'      |                        \x1b[01;35m\x1b[K~~~~~^~~~\x1b[m\x1b[K\n'}
[8.144259] (-) TimerEvent: {}
[8.245200] (-) TimerEvent: {}
[8.346285] (-) TimerEvent: {}
[8.447232] (-) TimerEvent: {}
[8.548353] (-) TimerEvent: {}
[8.649402] (-) TimerEvent: {}
[8.750522] (-) TimerEvent: {}
[8.851225] (-) TimerEvent: {}
[8.952018] (-) TimerEvent: {}
[9.052729] (-) TimerEvent: {}
[9.153488] (-) TimerEvent: {}
[9.209227] (sllidar_ros2) StderrLine: {'line': b'In file included from \x1b[01m\x1b[K/home/robotics/project_deskdash/lidar_ws/src/sllidar_ros2/./sdk/include/sl_lidar_cmd.h:41\x1b[m\x1b[K,\n'}
[9.209721] (sllidar_ros2) StderrLine: {'line': b'                 from \x1b[01m\x1b[K/home/robotics/project_deskdash/lidar_ws/src/sllidar_ros2/./sdk/include/sl_lidar_driver.h:54\x1b[m\x1b[K,\n'}
[9.209881] (sllidar_ros2) StderrLine: {'line': b'                 from \x1b[01m\x1b[K/home/robotics/project_deskdash/lidar_ws/src/sllidar_ros2/./sdk/include/sl_lidar.h:36\x1b[m\x1b[K,\n'}
[9.210041] (sllidar_ros2) StderrLine: {'line': b'                 from \x1b[01m\x1b[K/home/robotics/project_deskdash/lidar_ws/src/sllidar_ros2/src/sllidar_node.cpp:38\x1b[m\x1b[K:\n'}
[9.210186] (sllidar_ros2) StderrLine: {'line': b'\x1b[01m\x1b[K/home/robotics/project_deskdash/lidar_ws/src/sllidar_ros2/./sdk/include/sl_lidar_protocol.h:66:16:\x1b[m\x1b[K \x1b[01;35m\x1b[Kwarning: \x1b[m\x1b[KISO C++ forbids zero-size array \xe2\x80\x98\x1b[01m\x1b[Kdata\x1b[m\x1b[K\xe2\x80\x99 [\x1b[01;35m\x1b[K\x1b]8;;https://gcc.gnu.org/onlinedocs/gcc/Warning-Options.html#index-Wpedantic\x07-Wpedantic\x1b]8;;\x07\x1b[m\x1b[K]\n'}
[9.210340] (sllidar_ros2) StderrLine: {'line': b'   66 |     sl_u8 data[\x1b[01;35m\x1b[K0\x1b[m\x1b[K];\n'}
[9.210592] (sllidar_ros2) StderrLine: {'line': b'      |                \x1b[01;35m\x1b[K^\x1b[m\x1b[K\n'}
[9.210716] (sllidar_ros2) StderrLine: {'line': b'In file included from \x1b[01m\x1b[K/home/robotics/project_deskdash/lidar_ws/src/sllidar_ros2/./sdk/include/sl_lidar_driver.h:54\x1b[m\x1b[K,\n'}
[9.210835] (sllidar_ros2) StderrLine: {'line': b'                 from \x1b[01m\x1b[K/home/robotics/project_deskdash/lidar_ws/src/sllidar_ros2/./sdk/include/sl_lidar.h:36\x1b[m\x1b[K,\n'}
[9.210947] (sllidar_ros2) StderrLine: {'line': b'                 from \x1b[01m\x1b[K/home/robotics/project_deskdash/lidar_ws/src/sllidar_ros2/src/sllidar_node.cpp:38\x1b[m\x1b[K:\n'}
[9.211101] (sllidar_ros2) StderrLine: {'line': b'\x1b[01m\x1b[K/home/robotics/project_deskdash/lidar_ws/src/sllidar_ros2/./sdk/include/sl_lidar_cmd.h:324:20:\x1b[m\x1b[K \x1b[01;35m\x1b[Kwarning: \x1b[m\x1b[KISO C++ forbids zero-size array \xe2\x80\x98\x1b[01m\x1b[Kpayload\x1b[m\x1b[K\xe2\x80\x99 [\x1b[01;35m\x1b[K\x1b]8;;https://gcc.gnu.org/onlinedocs/gcc/Warning-Options.html#index-Wpedantic\x07-Wpedantic\x1b]8;;\x07\x1b[m\x1b[K]\n'}
[9.211248] (sllidar_ros2) StderrLine: {'line': b'  324 |     sl_u8  payload[\x1b[01;35m\x1b[K0\x1b[m\x1b[K];\n'}
[9.211360] (sllidar_ros2) StderrLine: {'line': b'      |                    \x1b[01;35m\x1b[K^\x1b[m\x1b[K\n'}
[9.253666] (-) TimerEvent: {}
[9.354349] (-) TimerEvent: {}
[9.455104] (-) TimerEvent: {}
[9.555815] (-) TimerEvent: {}
[9.656507] (-) TimerEvent: {}
[9.757188] (-) TimerEvent: {}
[9.857887] (-) TimerEvent: {}
[9.958568] (-) TimerEvent: {}
[10.059275] (-) TimerEvent: {}
[10.160078] (-) TimerEvent: {}
[10.260775] (-) TimerEvent: {}
[10.361473] (-) TimerEvent: {}
[10.462151] (-) TimerEvent: {}
[10.562819] (-) TimerEvent: {}
[10.663510] (-) TimerEvent: {}
[10.764191] (-) TimerEvent: {}
[10.864989] (-) TimerEvent: {}
[10.965704] (-) TimerEvent: {}
[11.066481] (-) TimerEvent: {}
[11.167154] (-) TimerEvent: {}
[11.267836] (-) TimerEvent: {}
[11.368555] (-) TimerEvent: {}
[11.469247] (-) TimerEvent: {}
[11.569973] (-) TimerEvent: {}
[11.670671] (-) TimerEvent: {}
[11.771354] (-) TimerEvent: {}
[11.872059] (-) TimerEvent: {}
[11.972740] (-) TimerEvent: {}
[12.073404] (-) TimerEvent: {}
[12.174032] (-) TimerEvent: {}
[12.274665] (-) TimerEvent: {}
[12.375290] (-) TimerEvent: {}
[12.476007] (-) TimerEvent: {}
[12.576904] (-) TimerEvent: {}
[12.678167] (-) TimerEvent: {}
[12.778913] (-) TimerEvent: {}
[12.879597] (-) TimerEvent: {}
[12.980269] (-) TimerEvent: {}
[13.080909] (-) TimerEvent: {}
[13.181602] (-) TimerEvent: {}
[13.282236] (-) TimerEvent: {}
[13.382865] (-) TimerEvent: {}
[13.483500] (-) TimerEvent: {}
[13.584162] (-) TimerEvent: {}
[13.684822] (-) TimerEvent: {}
[13.785496] (-) TimerEvent: {}
[13.886124] (-) TimerEvent: {}
[13.986777] (-) TimerEvent: {}
[14.087394] (-) TimerEvent: {}
[14.188046] (-) TimerEvent: {}
[14.288695] (-) TimerEvent: {}
[14.389371] (-) TimerEvent: {}
[14.490032] (-) TimerEvent: {}
[14.590787] (-) TimerEvent: {}
[14.691468] (-) TimerEvent: {}
[14.792132] (-) TimerEvent: {}
[14.892788] (-) TimerEvent: {}
[14.993447] (-) TimerEvent: {}
[15.094088] (-) TimerEvent: {}
[15.194757] (-) TimerEvent: {}
[15.277152] (sllidar_ros2) StdoutLine: {'line': b'[ 95%] \x1b[32m\x1b[1mLinking CXX executable sllidar_node\x1b[0m\n'}
[15.294953] (-) TimerEvent: {}
[15.395663] (-) TimerEvent: {}
[15.496426] (-) TimerEvent: {}
[15.597172] (-) TimerEvent: {}
[15.697974] (-) TimerEvent: {}
[15.798741] (-) TimerEvent: {}
[15.899569] (-) TimerEvent: {}
[15.935142] (sllidar_ros2) StdoutLine: {'line': b'[ 95%] Built target sllidar_node\n'}
[15.999733] (-) TimerEvent: {}
[16.100480] (-) TimerEvent: {}
[16.201143] (-) TimerEvent: {}
[16.301972] (-) TimerEvent: {}
[16.402818] (-) TimerEvent: {}
[16.503635] (-) TimerEvent: {}
[16.604369] (-) TimerEvent: {}
[16.705093] (-) TimerEvent: {}
[16.805872] (-) TimerEvent: {}
[16.906686] (-) TimerEvent: {}
[17.007496] (-) TimerEvent: {}
[17.108218] (-) TimerEvent: {}
[17.208896] (-) TimerEvent: {}
[17.309585] (-) TimerEvent: {}
[17.410258] (-) TimerEvent: {}
[17.510998] (-) TimerEvent: {}
[17.611664] (-) TimerEvent: {}
[17.712342] (-) TimerEvent: {}
[17.813017] (-) TimerEvent: {}
[17.913810] (-) TimerEvent: {}
[18.014593] (-) TimerEvent: {}
[18.115255] (-) TimerEvent: {}
[18.215960] (-) TimerEvent: {}
[18.316802] (-) TimerEvent: {}
[18.417534] (-) TimerEvent: {}
[18.518294] (-) TimerEvent: {}
[18.619036] (-) TimerEvent: {}
[18.719765] (-) TimerEvent: {}
[18.820490] (-) TimerEvent: {}
[18.921232] (-) TimerEvent: {}
[19.021971] (-) TimerEvent: {}
[19.122663] (-) TimerEvent: {}
[19.223363] (-) TimerEvent: {}
[19.324050] (-) TimerEvent: {}
[19.424752] (-) TimerEvent: {}
[19.525480] (-) TimerEvent: {}
[19.626205] (-) TimerEvent: {}
[19.726914] (-) TimerEvent: {}
[19.827627] (-) TimerEvent: {}
[19.928357] (-) TimerEvent: {}
[20.029058] (-) TimerEvent: {}
[20.129844] (-) TimerEvent: {}
[20.230560] (-) TimerEvent: {}
[20.331411] (-) TimerEvent: {}
[20.432065] (-) TimerEvent: {}
[20.532723] (-) TimerEvent: {}
[20.633411] (-) TimerEvent: {}
[20.734099] (-) TimerEvent: {}
[20.834811] (-) TimerEvent: {}
[20.935470] (-) TimerEvent: {}
[21.036161] (-) TimerEvent: {}
[21.136966] (-) TimerEvent: {}
[21.237787] (-) TimerEvent: {}
[21.338596] (-) TimerEvent: {}
[21.439402] (-) TimerEvent: {}
[21.540467] (-) TimerEvent: {}
[21.623041] (sllidar_ros2) StdoutLine: {'line': b'[100%] \x1b[32m\x1b[1mLinking CXX executable sllidar_client\x1b[0m\n'}
[21.640635] (-) TimerEvent: {}
[21.741523] (-) TimerEvent: {}
[21.842223] (-) TimerEvent: {}
[21.942920] (-) TimerEvent: {}
[22.043586] (-) TimerEvent: {}
[22.144238] (-) TimerEvent: {}
[22.244907] (-) TimerEvent: {}
[22.345575] (-) TimerEvent: {}
[22.431828] (sllidar_ros2) StdoutLine: {'line': b'[100%] Built target sllidar_client\n'}
[22.445733] (-) TimerEvent: {}
[22.459807] (sllidar_ros2) CommandEnded: {'returncode': 0}
[22.462124] (sllidar_ros2) JobProgress: {'identifier': 'sllidar_ros2', 'progress': 'install'}
[22.480716] (sllidar_ros2) Command: {'cmd': ['/usr/bin/cmake', '--install', '/home/robotics/project_deskdash/lidar_ws/build/sllidar_ros2'], 'cwd': '/home/robotics/project_deskdash/lidar_ws/build/sllidar_ros2', 'env': OrderedDict([('LESSOPEN', '| /usr/bin/lesspipe %s'), ('USER', 'robotics'), ('XDG_SESSION_TYPE', 'x11'), ('SHLVL', '1'), ('LD_LIBRARY_PATH', '/home/robotics/project_deskdash/microros_ws/install/micro_ros_agent/lib:/home/robotics/project_deskdash/microros_ws/install/micro_ros_msgs/lib:/opt/ros/humble/opt/rviz_ogre_vendor/lib:/opt/ros/humble/lib/aarch64-linux-gnu:/opt/ros/humble/lib:/usr/local/cuda-12.6/lib64:'), ('HOME', '/home/robotics'), ('OLDPWD', '/home/robotics/project_deskdash/lidar_ws/src'), ('DESKTOP_SESSION', 'ubuntu'), ('JETSON_L4T', '36.4.3'), ('ROS_PYTHON_VERSION', '3'), ('GNOME_SHELL_SESSION_MODE', 'ubuntu'), ('GTK_MODULES', 'gail:atk-bridge'), ('JETSON_MODEL', 'NVIDIA Jetson Orin Nano Engineering Reference Developer Kit Super'), ('SYSTEMD_EXEC_PID', '3589'), ('DBUS_SESSION_BUS_ADDRESS', 'unix:path=/run/user/1000/bus'), ('COLORTERM', 'truecolor'), ('IM_CONFIG_PHASE', '1'), ('COLCON_PREFIX_PATH', '/home/robotics/ws_lidar/install:/home/robotics/project_deskdash/microros_ws/install:/home/robotics/project_deskdash/lidar_ws/install'), ('ROS_DISTRO', 'humble'), ('GTK_IM_MODULE', 'ibus'), ('LOGNAME', 'robotics'), ('JETSON_MODULE', 'NVIDIA Jetson Orin Nano (Developer kit)'), ('JETSON_SERIAL_NUMBER', '1425123205771'), ('_', '/usr/bin/colcon'), ('ROS_VERSION', '2'), ('XDG_SESSION_CLASS', 'user'), ('USERNAME', 'robotics'), ('TERM', 'xterm-256color'), ('GNOME_DESKTOP_SESSION_ID', 'this-is-deprecated'), ('ROS_LOCALHOST_ONLY', '0'), ('WINDOWPATH', '2'), ('PATH', '/opt/ros/humble/bin:/usr/local/cuda-12.6/bin:/usr/local/sbin:/usr/local/bin:/usr/sbin:/usr/bin:/sbin:/bin:/usr/games:/usr/local/games:/snap/bin:/snap/bin'), ('SESSION_MANAGER', 'local/ubuntu:@/tmp/.ICE-unix/3562,unix/ubuntu:/tmp/.ICE-unix/3562'), ('XDG_MENU_PREFIX', 'gnome-'), ('GNOME_TERMINAL_SCREEN', '/org/gnome/Terminal/screen/5c5c247f_4731_4d5b_9845_40a5cd7495e7'), ('XDG_RUNTIME_DIR', '/run/user/1000'), ('DISPLAY', ':1'), ('LANG', 'en_US.UTF-8'), ('XDG_CURRENT_DESKTOP', 'ubuntu:GNOME'), ('XMODIFIERS', '@im=ibus'), ('XDG_SESSION_DESKTOP', 'ubuntu'), ('XAUTHORITY', '/run/user/1000/gdm/Xauthority'), ('LS_COLORS', 'rs=0:di=01;34:ln=01;36:mh=00:pi=40;33:so=01;35:do=01;35:bd=40;33;01:cd=40;33;01:or=40;31;01:mi=00:su=37;41:sg=30;43:ca=30;41:tw=30;42:ow=34;42:st=37;44:ex=01;32:*.tar=01;31:*.tgz=01;31:*.arc=01;31:*.arj=01;31:*.taz=01;31:*.lha=01;31:*.lz4=01;31:*.lzh=01;31:*.lzma=01;31:*.tlz=01;31:*.txz=01;31:*.tzo=01;31:*.t7z=01;31:*.zip=01;31:*.z=01;31:*.dz=01;31:*.gz=01;31:*.lrz=01;31:*.lz=01;31:*.lzo=01;31:*.xz=01;31:*.zst=01;31:*.tzst=01;31:*.bz2=01;31:*.bz=01;31:*.tbz=01;31:*.tbz2=01;31:*.tz=01;31:*.deb=01;31:*.rpm=01;31:*.jar=01;31:*.war=01;31:*.ear=01;31:*.sar=01;31:*.rar=01;31:*.alz=01;31:*.ace=01;31:*.zoo=01;31:*.cpio=01;31:*.7z=01;31:*.rz=01;31:*.cab=01;31:*.wim=01;31:*.swm=01;31:*.dwm=01;31:*.esd=01;31:*.jpg=01;35:*.jpeg=01;35:*.mjpg=01;35:*.mjpeg=01;35:*.gif=01;35:*.bmp=01;35:*.pbm=01;35:*.pgm=01;35:*.ppm=01;35:*.tga=01;35:*.xbm=01;35:*.xpm=01;35:*.tif=01;35:*.tiff=01;35:*.png=01;35:*.svg=01;35:*.svgz=01;35:*.mng=01;35:*.pcx=01;35:*.mov=01;35:*.mpg=01;35:*.mpeg=01;35:*.m2v=01;35:*.mkv=01;35:*.webm=01;35:*.webp=01;35:*.ogm=01;35:*.mp4=01;35:*.m4v=01;35:*.mp4v=01;35:*.vob=01;35:*.qt=01;35:*.nuv=01;35:*.wmv=01;35:*.asf=01;35:*.rm=01;35:*.rmvb=01;35:*.flc=01;35:*.avi=01;35:*.fli=01;35:*.flv=01;35:*.gl=01;35:*.dl=01;35:*.xcf=01;35:*.xwd=01;35:*.yuv=01;35:*.cgm=01;35:*.emf=01;35:*.ogv=01;35:*.ogx=01;35:*.aac=00;36:*.au=00;36:*.flac=00;36:*.m4a=00;36:*.mid=00;36:*.midi=00;36:*.mka=00;36:*.mp3=00;36:*.mpc=00;36:*.ogg=00;36:*.ra=00;36:*.wav=00;36:*.oga=00;36:*.opus=00;36:*.spx=00;36:*.xspf=00;36:'), ('JETSON_SOC', 'tegra234'), ('GNOME_TERMINAL_SERVICE', ':1.90'), ('SSH_AGENT_LAUNCHER', 'gnome-keyring'), ('SSH_AUTH_SOCK', '/run/user/1000/keyring/ssh'), ('AMENT_PREFIX_PATH', '/home/robotics/ws_lidar/install/sllidar_ros2:/home/robotics/project_deskdash/lidar_ws/install/sllidar_ros2:/home/robotics/project_deskdash/microros_ws/install/micro_ros_agent:/home/robotics/project_deskdash/microros_ws/install/micro_ros_msgs:/home/robotics/project_deskdash/microros_ws/install/micro_ros_setup:/opt/ros/humble'), ('SHELL', '/bin/bash'), ('QT_ACCESSIBILITY', '1'), ('GDMSESSION', 'ubuntu'), ('LESSCLOSE', '/usr/bin/lesspipe %s %s'), ('GPG_AGENT_INFO', '/run/user/1000/gnupg/S.gpg-agent:0:1'), ('QT_IM_MODULE', 'ibus'), ('JETSON_CUDA_ARCH_BIN', '8.7'), ('PWD', '/home/robotics/project_deskdash/lidar_ws/build/sllidar_ros2'), ('XDG_CONFIG_DIRS', '/etc/xdg/xdg-ubuntu:/etc/xdg'), ('XDG_DATA_DIRS', '/usr/share/ubuntu:/usr/share/gnome:/usr/local/share/:/usr/share/:/var/lib/snapd/desktop'), ('PYTHONPATH', '/home/robotics/project_deskdash/microros_ws/install/micro_ros_msgs/local/lib/python3.10/dist-packages:/opt/ros/humble/lib/python3.10/site-packages:/opt/ros/humble/local/lib/python3.10/dist-packages'), ('COLCON', '1'), ('VTE_VERSION', '6800'), ('JETSON_JETPACK', '6.2'), ('CMAKE_PREFIX_PATH', '/home/robotics/ws_lidar/install/sllidar_ros2:/home/robotics/project_deskdash/lidar_ws/install/sllidar_ros2:/home/robotics/project_deskdash/microros_ws/install/micro_ros_agent:/home/robotics/project_deskdash/microros_ws/install/micro_ros_msgs:/home/robotics/project_deskdash/microros_ws/install/micro_ros_setup:/opt/ros/humble'), ('JETSON_P_NUMBER', 'p3767-0005')]), 'shell': False}
[22.499792] (sllidar_ros2) StdoutLine: {'line': b'-- Install configuration: ""\n'}
[22.500711] (sllidar_ros2) StdoutLine: {'line': b'-- Execute custom install script\n'}
[22.502121] (sllidar_ros2) StdoutLine: {'line': b'-- Symlinking: /home/robotics/project_deskdash/lidar_ws/install/sllidar_ros2/share/sllidar_ros2/launch/sllidar_a1_launch.py\n'}
[22.520456] (sllidar_ros2) StdoutLine: {'line': b'-- Symlinking: /home/robotics/project_deskdash/lidar_ws/install/sllidar_ros2/share/sllidar_ros2/launch/sllidar_a2m12_launch .py\n'}
[22.539199] (sllidar_ros2) StdoutLine: {'line': b'-- Symlinking: /home/robotics/project_deskdash/lidar_ws/install/sllidar_ros2/share/sllidar_ros2/launch/sllidar_a2m7_launch.py\n'}
[22.545958] (-) TimerEvent: {}
[22.557836] (sllidar_ros2) StdoutLine: {'line': b'-- Symlinking: /home/robotics/project_deskdash/lidar_ws/install/sllidar_ros2/share/sllidar_ros2/launch/sllidar_a2m8_launch.py\n'}
[22.576906] (sllidar_ros2) StdoutLine: {'line': b'-- Symlinking: /home/robotics/project_deskdash/lidar_ws/install/sllidar_ros2/share/sllidar_ros2/launch/sllidar_a3_launch.py\n'}
[22.593929] (sllidar_ros2) StdoutLine: {'line': b'-- Symlinking: /home/robotics/project_deskdash/lidar_ws/install/sllidar_ros2/share/sllidar_ros2/launch/sllidar_c1_launch.py\n'}
[22.613679] (sllidar_ros2) StdoutLine: {'line': b'-- Symlinking: /home/robotics/project_deskdash/lidar_ws/install/sllidar_ros2/share/sllidar_ros2/launch/sllidar_s1_launch.py\n'}
[22.632161] (sllidar_ros2) StdoutLine: {'line': b'-- Symlinking: /home/robotics/project_deskdash/lidar_ws/install/sllidar_ros2/share/sllidar_ros2/launch/sllidar_s1_tcp_launch.py\n'}
[22.646114] (-) TimerEvent: {}
[22.651580] (sllidar_ros2) StdoutLine: {'line': b'-- Symlinking: /home/robotics/project_deskdash/lidar_ws/install/sllidar_ros2/share/sllidar_ros2/launch/sllidar_s2_launch.py\n'}
[22.671800] (sllidar_ros2) StdoutLine: {'line': b'-- Symlinking: /home/robotics/project_deskdash/lidar_ws/install/sllidar_ros2/share/sllidar_ros2/launch/sllidar_s2e_launch.py\n'}
[22.691246] (sllidar_ros2) StdoutLine: {'line': b'-- Symlinking: /home/robotics/project_deskdash/lidar_ws/install/sllidar_ros2/share/sllidar_ros2/launch/sllidar_s3_launch.py\n'}
[22.709840] (sllidar_ros2) StdoutLine: {'line': b'-- Symlinking: /home/robotics/project_deskdash/lidar_ws/install/sllidar_ros2/share/sllidar_ros2/launch/sllidar_t1_launch.py\n'}
[22.727955] (sllidar_ros2) StdoutLine: {'line': b'-- Symlinking: /home/robotics/project_deskdash/lidar_ws/install/sllidar_ros2/share/sllidar_ros2/launch/view_sllidar_a1_launch.py\n'}
[22.746216] (-) TimerEvent: {}
[22.747141] (sllidar_ros2) StdoutLine: {'line': b'-- Symlinking: /home/robotics/project_deskdash/lidar_ws/install/sllidar_ros2/share/sllidar_ros2/launch/view_sllidar_a2m12_launch.py\n'}
[22.767231] (sllidar_ros2) StdoutLine: {'line': b'-- Symlinking: /home/robotics/project_deskdash/lidar_ws/install/sllidar_ros2/share/sllidar_ros2/launch/view_sllidar_a2m7_launch.py\n'}
[22.790277] (sllidar_ros2) StdoutLine: {'line': b'-- Symlinking: /home/robotics/project_deskdash/lidar_ws/install/sllidar_ros2/share/sllidar_ros2/launch/view_sllidar_a2m8_launch.py\n'}
[22.809406] (sllidar_ros2) StdoutLine: {'line': b'-- Symlinking: /home/robotics/project_deskdash/lidar_ws/install/sllidar_ros2/share/sllidar_ros2/launch/view_sllidar_a3_launch.py\n'}
[22.828646] (sllidar_ros2) StdoutLine: {'line': b'-- Symlinking: /home/robotics/project_deskdash/lidar_ws/install/sllidar_ros2/share/sllidar_ros2/launch/view_sllidar_c1_launch.py\n'}
[22.846387] (-) TimerEvent: {}
[22.846972] (sllidar_ros2) StdoutLine: {'line': b'-- Symlinking: /home/robotics/project_deskdash/lidar_ws/install/sllidar_ros2/share/sllidar_ros2/launch/view_sllidar_s1_launch.py\n'}
[22.866576] (sllidar_ros2) StdoutLine: {'line': b'-- Symlinking: /home/robotics/project_deskdash/lidar_ws/install/sllidar_ros2/share/sllidar_ros2/launch/view_sllidar_s1_tcp_launch.py\n'}
[22.885194] (sllidar_ros2) StdoutLine: {'line': b'-- Symlinking: /home/robotics/project_deskdash/lidar_ws/install/sllidar_ros2/share/sllidar_ros2/launch/view_sllidar_s2_launch.py\n'}
[22.905347] (sllidar_ros2) StdoutLine: {'line': b'-- Symlinking: /home/robotics/project_deskdash/lidar_ws/install/sllidar_ros2/share/sllidar_ros2/launch/view_sllidar_s2e_launch.py\n'}
[22.923825] (sllidar_ros2) StdoutLine: {'line': b'-- Symlinking: /home/robotics/project_deskdash/lidar_ws/install/sllidar_ros2/share/sllidar_ros2/launch/view_sllidar_s3_launch.py\n'}
[22.941854] (sllidar_ros2) StdoutLine: {'line': b'-- Symlinking: /home/robotics/project_deskdash/lidar_ws/install/sllidar_ros2/share/sllidar_ros2/launch/view_sllidar_t1_launch.py\n'}
[22.946453] (-) TimerEvent: {}
[22.960966] (sllidar_ros2) StdoutLine: {'line': b'-- Symlinking: /home/robotics/project_deskdash/lidar_ws/install/sllidar_ros2/share/sllidar_ros2/rviz/sllidar_ros2.rviz\n'}
[22.981543] (sllidar_ros2) StdoutLine: {'line': b'-- Symlinking: /home/robotics/project_deskdash/lidar_ws/install/sllidar_ros2/lib/sllidar_ros2/sllidar_node\n'}
[23.004586] (sllidar_ros2) StdoutLine: {'line': b'-- Symlinking: /home/robotics/project_deskdash/lidar_ws/install/sllidar_ros2/lib/sllidar_ros2/sllidar_client\n'}
[23.024181] (sllidar_ros2) StdoutLine: {'line': b'-- Symlinking: /home/robotics/project_deskdash/lidar_ws/install/sllidar_ros2/share/ament_index/resource_index/package_run_dependencies/sllidar_ros2\n'}
[23.044352] (sllidar_ros2) StdoutLine: {'line': b'-- Symlinking: /home/robotics/project_deskdash/lidar_ws/install/sllidar_ros2/share/ament_index/resource_index/parent_prefix_path/sllidar_ros2\n'}
[23.046603] (-) TimerEvent: {}
[23.065221] (sllidar_ros2) StdoutLine: {'line': b'-- Symlinking: /home/robotics/project_deskdash/lidar_ws/install/sllidar_ros2/share/sllidar_ros2/environment/ament_prefix_path.sh\n'}
[23.087726] (sllidar_ros2) StdoutLine: {'line': b'-- Symlinking: /home/robotics/project_deskdash/lidar_ws/install/sllidar_ros2/share/sllidar_ros2/environment/ament_prefix_path.dsv\n'}
[23.105570] (sllidar_ros2) StdoutLine: {'line': b'-- Symlinking: /home/robotics/project_deskdash/lidar_ws/install/sllidar_ros2/share/sllidar_ros2/environment/path.sh\n'}
[23.124345] (sllidar_ros2) StdoutLine: {'line': b'-- Symlinking: /home/robotics/project_deskdash/lidar_ws/install/sllidar_ros2/share/sllidar_ros2/environment/path.dsv\n'}
[23.143454] (sllidar_ros2) StdoutLine: {'line': b'-- Symlinking: /home/robotics/project_deskdash/lidar_ws/install/sllidar_ros2/share/sllidar_ros2/local_setup.bash\n'}
[23.146698] (-) TimerEvent: {}
[23.161939] (sllidar_ros2) StdoutLine: {'line': b'-- Symlinking: /home/robotics/project_deskdash/lidar_ws/install/sllidar_ros2/share/sllidar_ros2/local_setup.sh\n'}
[23.180469] (sllidar_ros2) StdoutLine: {'line': b'-- Symlinking: /home/robotics/project_deskdash/lidar_ws/install/sllidar_ros2/share/sllidar_ros2/local_setup.zsh\n'}
[23.199944] (sllidar_ros2) StdoutLine: {'line': b'-- Symlinking: /home/robotics/project_deskdash/lidar_ws/install/sllidar_ros2/share/sllidar_ros2/local_setup.dsv\n'}
[23.218400] (sllidar_ros2) StdoutLine: {'line': b'-- Symlinking: /home/robotics/project_deskdash/lidar_ws/install/sllidar_ros2/share/sllidar_ros2/package.dsv\n'}
[23.237486] (sllidar_ros2) StdoutLine: {'line': b'-- Symlinking: /home/robotics/project_deskdash/lidar_ws/install/sllidar_ros2/share/ament_index/resource_index/packages/sllidar_ros2\n'}
[23.246855] (-) TimerEvent: {}
[23.257856] (sllidar_ros2) StdoutLine: {'line': b'-- Symlinking: /home/robotics/project_deskdash/lidar_ws/install/sllidar_ros2/share/sllidar_ros2/cmake/ament_cmake_export_dependencies-extras.cmake\n'}
[23.277167] (sllidar_ros2) StdoutLine: {'line': b'-- Symlinking: /home/robotics/project_deskdash/lidar_ws/install/sllidar_ros2/share/sllidar_ros2/cmake/ament_cmake_export_include_directories-extras.cmake\n'}
[23.296595] (sllidar_ros2) StdoutLine: {'line': b'-- Symlinking: /home/robotics/project_deskdash/lidar_ws/install/sllidar_ros2/share/sllidar_ros2/cmake/sllidar_ros2Config.cmake\n'}
[23.314875] (sllidar_ros2) StdoutLine: {'line': b'-- Symlinking: /home/robotics/project_deskdash/lidar_ws/install/sllidar_ros2/share/sllidar_ros2/cmake/sllidar_ros2Config-version.cmake\n'}
[23.332550] (sllidar_ros2) StdoutLine: {'line': b'-- Symlinking: /home/robotics/project_deskdash/lidar_ws/install/sllidar_ros2/share/sllidar_ros2/package.xml\n'}
[23.346981] (-) TimerEvent: {}
[23.354898] (sllidar_ros2) CommandEnded: {'returncode': 0}
[23.405605] (sllidar_ros2) JobEnded: {'identifier': 'sllidar_ros2', 'rc': 0}
[23.459248] (-) TimerEvent: {}
[23.459453] (-) EventReactorShutdown: {}
